hsa-miR-335-5p,5108,0.436992044
hsa-miR-26b-5p,4591,0.392762426
hsa-miR-124-3p,4188,0.358285568
hsa-miR-16-5p,4040,0.345624091
hsa-miR-92a-3p,3816,0.326460775
hsa-miR-1-3p,3621,0.309778424
hsa-let-7b-5p,3571,0.305500898
hsa-miR-17-5p,3522,0.301308923
hsa-miR-155-5p,3425,0.293010523
hsa-miR-615-3p,3266,0.27940799
hsa-miR-218-5p,3250,0.278039182
hsa-miR-20a-5p,3180,0.272050646
hsa-miR-93-5p,3145,0.269056378
hsa-miR-106b-5p,3125,0.267345367
hsa-miR-21-5p,3105,0.265634357
hsa-miR-193b-3p,3097,0.264949953
hsa-miR-192-5p,3094,0.264693301
hsa-miR-34a-5p,3050,0.260929079
hsa-miR-8485,2929,0.250577466
hsa-miR-484,2893,0.247497647
hsa-miR-106a-5p,2774,0.237317136
hsa-miR-24-3p,2748,0.235092822
hsa-miR-320a,2727,0.233296261
hsa-miR-215-5p,2719,0.232611857
hsa-miR-98-5p,2693,0.230387544
hsa-miR-92b-3p,2677,0.229018736
hsa-miR-30a-5p,2674,0.228762084
hsa-miR-20b-5p,2661,0.227649927
hsa-miR-519d-3p,2640,0.225853366
hsa-miR-181a-5p,2636,0.225511164
hsa-let-7a-5p,2613,0.223543502
hsa-miR-125b-5p,2575,0.220292583
hsa-miR-19b-3p,2548,0.217982719
hsa-miR-9-5p,2507,0.214475148
hsa-miR-129-5p,2485,0.212593036
hsa-miR-15a-5p,2480,0.212165284
hsa-miR-15b-5p,2476,0.211823082
hsa-let-7e-5p,2443,0.208999914
hsa-miR-1827,2436,0.208401061
hsa-miR-7-5p,2433,0.208144409
hsa-miR-195-5p,2424,0.207374455
hsa-miR-130b-3p,2413,0.206433399
hsa-miR-186-5p,2412,0.206347848
hsa-miR-149-3p,2388,0.204294636
hsa-miR-19a-3p,2378,0.203439131
hsa-miR-222-3p,2341,0.200273762
hsa-miR-130a-3p,2336,0.199846009
hsa-miR-26a-5p,2309,0.197536145
hsa-miR-128-3p,2289,0.195825135
hsa-miR-29b-3p,2273,0.194456326
hsa-miR-221-3p,2261,0.19342972
hsa-miR-23b-3p,2260,0.19334417
hsa-miR-149-5p,2260,0.19334417
hsa-miR-940,2251,0.192574215
hsa-miR-101-3p,2241,0.19171871
hsa-miR-6499-3p,2237,0.191376508
hsa-miR-203a-3p,2235,0.191205407
hsa-miR-4728-5p,2233,0.191034306
hsa-miR-30c-5p,2227,0.190521003
hsa-miR-455-3p,2213,0.189323295
hsa-miR-25-3p,2209,0.188981093
hsa-miR-122-5p,2208,0.188895543
hsa-miR-6785-5p,2203,0.18846779
hsa-miR-6883-5p,2203,0.18846779
hsa-miR-7106-5p,2198,0.188040038
hsa-miR-744-5p,2188,0.187184532
hsa-miR-4459,2188,0.187184532
hsa-miR-6808-5p,2188,0.187184532
hsa-miR-665,2183,0.18675678
hsa-miR-6893-5p,2175,0.186072376
hsa-miR-877-3p,2169,0.185559073
hsa-let-7c-5p,2156,0.184446916
hsa-miR-340-5p,2133,0.182479254
hsa-miR-375,2110,0.180511592
hsa-miR-548c-3p,2101,0.179741637
hsa-miR-200c-3p,2097,0.179399435
hsa-miR-190a-3p,2097,0.179399435
hsa-miR-181b-5p,2089,0.178715031
hsa-miR-27a-3p,2087,0.17854393
hsa-miR-6867-5p,2070,0.177089571
hsa-miR-27b-3p,2061,0.176319617
hsa-miR-10a-5p,2056,0.175891864
hsa-miR-143-3p,2046,0.175036359
hsa-miR-23a-3p,2040,0.174523056
hsa-miR-329-3p,2033,0.173924202
hsa-miR-29a-3p,2033,0.173924202
hsa-miR-603,2032,0.173838652
hsa-miR-3653-5p,2026,0.173325349
hsa-miR-204-5p,2023,0.173068697
hsa-miR-362-3p,2019,0.172726495
hsa-miR-6849-3p,2011,0.172042091
hsa-miR-526b-3p,2009,0.17187099
hsa-miR-103a-3p,1993,0.170502182
hsa-miR-7977,1985,0.169817777
hsa-miR-196a-5p,1983,0.169646676
hsa-miR-301b-3p,1982,0.169561126
hsa-miR-4284,1979,0.169304474
hsa-miR-148b-3p,1973,0.168791171
hsa-miR-5011-5p,1967,0.168277868
hsa-miR-30b-5p,1954,0.167165711
hsa-miR-497-5p,1940,0.165968004
hsa-miR-32-5p,1937,0.165711353
hsa-miR-4722-5p,1930,0.165112499
hsa-miR-5698,1918,0.164085893
hsa-miR-1277-5p,1918,0.164085893
hsa-miR-4768-3p,1913,0.16365814
hsa-miR-424-5p,1912,0.16357259
hsa-miR-296-3p,1908,0.163230388
hsa-miR-377-5p,1899,0.162460433
hsa-miR-150-5p,1897,0.162289332
hsa-miR-454-3p,1890,0.161690478
hsa-miR-520g-3p,1884,0.161177175
hsa-miR-145-5p,1875,0.16040722
hsa-miR-301a-3p,1875,0.16040722
hsa-miR-520h,1858,0.158952862
hsa-miR-18a-5p,1846,0.157926255
hsa-miR-6873-3p,1843,0.157669604
hsa-miR-574-5p,1839,0.157327402
hsa-miR-6516-5p,1830,0.156557447
hsa-miR-3929,1827,0.156300796
hsa-miR-185-5p,1827,0.156300796
hsa-let-7f-5p,1816,0.15535974
hsa-miR-4478,1811,0.154931987
hsa-miR-4419b,1811,0.154931987
hsa-miR-485-5p,1802,0.154162033
hsa-miR-197-3p,1796,0.15364873
hsa-miR-4430,1795,0.153563179
hsa-miR-3652,1795,0.153563179
hsa-miR-125a-5p,1782,0.152451022
hsa-miR-100-5p,1779,0.152194371
hsa-miR-766-3p,1776,0.151937719
hsa-miR-4279,1772,0.151595517
hsa-miR-142-3p,1772,0.151595517
hsa-miR-6749-3p,1768,0.151253315
hsa-miR-519a-3p,1762,0.150740012
hsa-miR-4649-3p,1761,0.150654461
hsa-miR-7160-5p,1758,0.15039781
hsa-miR-6086,1754,0.150055608
hsa-miR-4668-5p,1748,0.149542305
hsa-miR-206,1744,0.149200103
hsa-miR-660-3p,1743,0.149114552
hsa-miR-29c-3p,1739,0.14877235
hsa-miR-181c-5p,1738,0.1486868
hsa-miR-6779-5p,1737,0.148601249
hsa-miR-7110-3p,1737,0.148601249
hsa-miR-519c-3p,1734,0.148344597
hsa-miR-30d-5p,1729,0.147916845
hsa-miR-324-3p,1725,0.147574643
hsa-miR-6799-5p,1723,0.147403542
hsa-miR-4295,1721,0.147232441
hsa-miR-6778-3p,1719,0.14706134
hsa-miR-107,1712,0.146462486
hsa-miR-30b-3p,1710,0.146291385
hsa-miR-18a-3p,1700,0.14543588
hsa-miR-3666,1699,0.145350329
hsa-miR-199a-5p,1698,0.145264779
hsa-miR-1976,1691,0.144665925
hsa-miR-144-3p,1690,0.144580375
hsa-miR-1304-3p,1688,0.144409274
hsa-miR-1273g-3p,1686,0.144238173
hsa-miR-6807-5p,1685,0.144152622
hsa-miR-214-3p,1683,0.143981521
hsa-miR-331-3p,1681,0.14381042
hsa-miR-324-5p,1673,0.143126016
hsa-miR-1273h-5p,1671,0.142954915
hsa-miR-6780a-5p,1668,0.142698263
hsa-miR-3689c,1665,0.142441612
hsa-miR-3941,1665,0.142441612
hsa-miR-3689b-3p,1665,0.142441612
hsa-miR-3689a-3p,1665,0.142441612
hsa-miR-2467-3p,1653,0.141415006
hsa-miR-6720-5p,1637,0.140046197
hsa-let-7d-5p,1635,0.139875096
hsa-miR-6512-3p,1634,0.139789546
hsa-miR-6825-5p,1632,0.139618445
hsa-miR-125a-3p,1632,0.139618445
hsa-miR-373-3p,1632,0.139618445
hsa-miR-6817-3p,1632,0.139618445
hsa-miR-6890-3p,1620,0.138591838
hsa-miR-6884-5p,1613,0.137992985
hsa-miR-302d-3p,1608,0.137565232
hsa-miR-302a-3p,1605,0.137308581
hsa-miR-1273e,1604,0.13722303
hsa-miR-519b-3p,1600,0.136880828
hsa-miR-302c-3p,1599,0.136795278
hsa-miR-6511a-5p,1599,0.136795278
hsa-miR-1910-3p,1598,0.136709727
hsa-miR-6838-5p,1597,0.136624177
hsa-let-7g-5p,1596,0.136538626
hsa-miR-3135b,1594,0.136367525
hsa-miR-205-5p,1591,0.136110873
hsa-miR-7703,1569,0.134228762
hsa-miR-146a-5p,1566,0.133972111
hsa-miR-10b-5p,1564,0.133801009
hsa-miR-7847-3p,1559,0.133373257
hsa-miR-374a-5p,1554,0.132945504
hsa-miR-186-3p,1550,0.132603302
hsa-miR-661,1544,0.132089999
hsa-miR-302b-3p,1543,0.132004449
hsa-miR-183-5p,1541,0.131833348
hsa-miR-31-5p,1541,0.131833348
hsa-miR-765,1540,0.131747797
hsa-miR-30c-1-3p,1538,0.131576696
hsa-miR-3613-3p,1538,0.131576696
hsa-miR-200b-3p,1534,0.131234494
hsa-miR-378a-5p,1533,0.131148943
hsa-miR-4510,1532,0.131063393
hsa-miR-378a-3p,1531,0.130977842
hsa-miR-503-5p,1529,0.130806741
hsa-miR-4433a-3p,1527,0.13063564
hsa-miR-939-3p,1527,0.13063564
hsa-miR-30e-5p,1526,0.13055009
hsa-miR-3148,1524,0.130378989
hsa-miR-30c-2-3p,1517,0.129780135
hsa-miR-508-5p,1512,0.129352383
hsa-miR-5193,1511,0.129266832
hsa-miR-372-3p,1509,0.129095731
hsa-miR-6127,1509,0.129095731
hsa-miR-6133,1508,0.129010181
hsa-miR-6130,1508,0.129010181
hsa-miR-4419a,1508,0.129010181
hsa-miR-6129,1508,0.129010181
hsa-miR-548s,1506,0.128839079
hsa-miR-181d-5p,1504,0.128667978
hsa-miR-4257,1503,0.128582428
hsa-miR-377-3p,1501,0.128411327
hsa-miR-6788-5p,1494,0.127812473
hsa-miR-6840-3p,1493,0.127726923
hsa-miR-1301-3p,1492,0.127641372
hsa-miR-130b-5p,1491,0.127555822
hsa-miR-6747-3p,1490,0.127470271
hsa-miR-6880-5p,1489,0.127384721
hsa-miR-6731-5p,1486,0.127128069
hsa-miR-8085,1486,0.127128069
hsa-miR-619-5p,1485,0.127042519
hsa-miR-211-5p,1484,0.126956968
hsa-miR-200a-3p,1484,0.126956968
hsa-miR-132-3p,1482,0.126785867
hsa-miR-3689d,1480,0.126614766
hsa-miR-425-5p,1475,0.126187013
hsa-miR-590-3p,1474,0.126101463
hsa-miR-498,1474,0.126101463
hsa-miR-6077,1471,0.125844811
hsa-miR-7-1-3p,1470,0.125759261
hsa-miR-6134,1466,0.125417059
hsa-miR-22-3p,1466,0.125417059
hsa-miR-335-3p,1461,0.124989306
hsa-miR-520c-3p,1460,0.124903756
hsa-miR-4772-3p,1459,0.124818205
hsa-miR-34c-5p,1458,0.124732655
hsa-miR-4768-5p,1454,0.124390453
hsa-miR-6833-3p,1454,0.124390453
hsa-miR-4252,1453,0.124304902
hsa-miR-429,1449,0.1239627
hsa-miR-6870-5p,1448,0.123877149
hsa-miR-7111-5p,1448,0.123877149
hsa-miR-4723-5p,1448,0.123877149
hsa-miR-142-5p,1442,0.123363846
hsa-miR-4793-3p,1441,0.123278296
hsa-miR-6851-5p,1435,0.122764993
hsa-miR-383-3p,1434,0.122679442
hsa-miR-423-3p,1429,0.12225169
hsa-miR-650,1423,0.121738387
hsa-miR-6727-3p,1422,0.121652836
hsa-miR-607,1420,0.121481735
hsa-miR-520a-3p,1420,0.121481735
hsa-miR-3612,1420,0.121481735
hsa-miR-6504-3p,1413,0.120882881
hsa-miR-548d-3p,1405,0.120198477
hsa-miR-520b,1403,0.120027376
hsa-miR-4722-3p,1401,0.119856275
hsa-miR-6792-3p,1400,0.119770725
hsa-miR-4691-5p,1399,0.119685174
hsa-miR-767-5p,1398,0.119599624
hsa-miR-548h-3p,1396,0.119428523
hsa-miR-548z,1396,0.119428523
hsa-miR-548ac,1396,0.119428523
hsa-miR-548bb-3p,1396,0.119428523
hsa-miR-5196-5p,1393,0.119171871
hsa-miR-4747-5p,1393,0.119171871
hsa-miR-887-5p,1393,0.119171871
hsa-miR-4537,1388,0.118744118
hsa-miR-1247-3p,1388,0.118744118
hsa-miR-423-5p,1387,0.118658568
hsa-miR-1260b,1386,0.118573017
hsa-miR-223-5p,1371,0.11728976
hsa-miR-6506-5p,1370,0.117204209
hsa-miR-3609,1370,0.117204209
hsa-miR-548ah-5p,1367,0.116947558
hsa-miR-106a-3p,1365,0.116776456
hsa-miR-495-3p,1362,0.116519805
hsa-miR-7151-3p,1361,0.116434254
hsa-miR-450a-1-3p,1347,0.115236547
hsa-miR-4731-5p,1346,0.115150997
hsa-let-7i-5p,1338,0.114466593
hsa-miR-504-3p,1338,0.114466593
hsa-miR-5095,1338,0.114466593
hsa-miR-511-3p,1337,0.114381042
hsa-miR-548am-3p,1335,0.114209941
hsa-miR-548ah-3p,1335,0.114209941
hsa-miR-608,1333,0.11403884
hsa-miR-548aj-5p,1331,0.113867739
hsa-miR-520e,1331,0.113867739
hsa-miR-548x-5p,1331,0.113867739
hsa-miR-548g-5p,1331,0.113867739
hsa-miR-4739,1327,0.113525537
hsa-miR-182-5p,1327,0.113525537
hsa-miR-4635,1326,0.113439986
hsa-miR-96-5p,1326,0.113439986
hsa-miR-548j-3p,1325,0.113354436
hsa-miR-152-3p,1325,0.113354436
hsa-miR-6845-3p,1325,0.113354436
hsa-miR-548aj-3p,1324,0.113268885
hsa-miR-548x-3p,1324,0.113268885
hsa-miR-548ae-3p,1324,0.113268885
hsa-miR-548aq-3p,1324,0.113268885
hsa-miR-6513-5p,1324,0.113268885
hsa-miR-520d-3p,1323,0.113183335
hsa-miR-4789-5p,1320,0.112926683
hsa-miR-30a-3p,1318,0.112755582
hsa-miR-6856-5p,1316,0.112584481
hsa-miR-7-2-3p,1315,0.112498931
hsa-miR-1207-5p,1315,0.112498931
hsa-miR-6758-5p,1312,0.112242279
hsa-miR-421,1312,0.112242279
hsa-miR-4282,1312,0.112242279
hsa-miR-302e,1310,0.112071178
hsa-miR-877-5p,1310,0.112071178
hsa-miR-625-5p,1307,0.111814526
hsa-miR-3672,1304,0.111557875
hsa-miR-4779,1302,0.111386774
hsa-miR-6791-3p,1300,0.111215673
hsa-miR-6829-3p,1300,0.111215673
hsa-miR-4756-5p,1298,0.111044572
hsa-miR-1321,1298,0.111044572
hsa-miR-5589-5p,1297,0.110959021
hsa-miR-1249-5p,1296,0.110873471
hsa-miR-6797-5p,1296,0.110873471
hsa-miR-6832-3p,1285,0.109932415
hsa-miR-6864-3p,1281,0.109590213
hsa-miR-4789-3p,1280,0.109504663
hsa-miR-214-5p,1277,0.109248011
hsa-miR-339-5p,1277,0.109248011
hsa-miR-616-5p,1276,0.10916246
hsa-miR-491-5p,1274,0.108991359
hsa-miR-1250-3p,1273,0.108905809
hsa-miR-6832-5p,1271,0.108734708
hsa-miR-4651,1270,0.108649157
hsa-miR-646,1269,0.108563607
hsa-miR-548f-5p,1262,0.107964753
hsa-miR-410-3p,1261,0.107879203
hsa-miR-216a-3p,1260,0.107793652
hsa-miR-3681-3p,1260,0.107793652
hsa-miR-6809-3p,1260,0.107793652
hsa-miR-4524a-3p,1258,0.107622551
hsa-miR-342-3p,1254,0.107280349
hsa-miR-1252-3p,1253,0.107194799
hsa-miR-34b-3p,1253,0.107194799
hsa-miR-4685-3p,1252,0.107109248
hsa-miR-4287,1252,0.107109248
hsa-miR-873-5p,1249,0.106852596
hsa-miR-5693,1247,0.106681495
hsa-miR-543,1244,0.106424844
hsa-miR-3924,1239,0.105997091
hsa-miR-3122,1238,0.105911541
hsa-miR-6760-5p,1237,0.10582599
hsa-miR-99a-5p,1237,0.10582599
hsa-miR-6875-3p,1237,0.10582599
hsa-miR-4753-3p,1236,0.10574044
hsa-miR-374b-5p,1234,0.105569339
hsa-miR-148a-3p,1232,0.105398238
hsa-miR-1226-3p,1231,0.105312687
hsa-miR-143-5p,1231,0.105312687
hsa-miR-4695-5p,1229,0.105141586
hsa-miR-4533,1226,0.104884935
hsa-miR-3671,1222,0.104542732
hsa-miR-4447,1221,0.104457182
hsa-miR-4472,1221,0.104457182
hsa-miR-326,1221,0.104457182
hsa-miR-544a,1220,0.104371631
hsa-miR-4763-3p,1220,0.104371631
hsa-miR-371b-5p,1220,0.104371631
hsa-miR-6756-5p,1217,0.10411498
hsa-miR-6766-5p,1217,0.10411498
hsa-miR-373-5p,1216,0.104029429
hsa-miR-3913-5p,1215,0.103943879
hsa-miR-4644,1214,0.103858328
hsa-miR-92a-2-5p,1213,0.103772778
hsa-miR-4684-5p,1212,0.103687227
hsa-miR-6778-5p,1211,0.103601677
hsa-miR-5590-3p,1207,0.103259475
hsa-miR-4638-5p,1205,0.103088374
hsa-miR-6859-5p,1203,0.102917273
hsa-miR-4698,1203,0.102917273
hsa-miR-3125,1203,0.102917273
hsa-miR-3916,1203,0.102917273
hsa-miR-526b-5p,1202,0.102831722
hsa-miR-342-5p,1199,0.102575071
hsa-miR-153-5p,1199,0.102575071
hsa-miR-93-3p,1198,0.10248952
hsa-miR-515-5p,1197,0.10240397
hsa-miR-4500,1197,0.10240397
hsa-miR-363-3p,1197,0.10240397
hsa-miR-4458,1197,0.10240397
hsa-miR-524-5p,1197,0.10240397
hsa-miR-627-3p,1193,0.102061767
hsa-miR-4271,1193,0.102061767
hsa-miR-6878-5p,1189,0.101719565
hsa-miR-5787,1188,0.101634015
hsa-miR-369-3p,1186,0.101462914
hsa-miR-532-3p,1184,0.101291813
hsa-miR-371a-5p,1182,0.101120712
hsa-miR-4755-3p,1181,0.101035161
hsa-miR-567,1181,0.101035161
hsa-miR-766-5p,1179,0.10086406
hsa-miR-4725-3p,1178,0.10077851
hsa-miR-6780b-5p,1178,0.10077851
hsa-miR-1305,1177,0.100692959
hsa-miR-4505,1173,0.100350757
hsa-miR-196b-5p,1173,0.100350757
hsa-miR-4306,1173,0.100350757
hsa-miR-942-5p,1170,0.100094106
hsa-miR-494-3p,1169,0.100008555
hsa-miR-4469,1169,0.100008555
hsa-miR-297,1167,0.099837454
hsa-miR-1468-3p,1167,0.099837454
hsa-miR-1224-3p,1166,0.099751903
hsa-miR-1233-5p,1165,0.099666353
hsa-miR-513a-5p,1164,0.099580802
hsa-miR-519e-5p,1163,0.099495252
hsa-miR-6742-3p,1163,0.099495252
hsa-miR-558,1163,0.099495252
hsa-miR-330-5p,1162,0.099409701
hsa-miR-4665-5p,1162,0.099409701
hsa-miR-4468,1160,0.0992386
hsa-miR-367-3p,1159,0.09915305
hsa-miR-3662,1159,0.09915305
hsa-miR-1307-3p,1158,0.099067499
hsa-miR-1273f,1157,0.098981949
hsa-miR-452-5p,1153,0.098639747
hsa-miR-544b,1149,0.098297545
hsa-miR-3658,1149,0.098297545
hsa-miR-6739-5p,1148,0.098211994
hsa-miR-140-5p,1144,0.097869792
hsa-miR-5196-3p,1143,0.097784242
hsa-miR-210-3p,1142,0.097698691
hsa-miR-3665,1141,0.097613141
hsa-miR-5580-3p,1141,0.097613141
hsa-miR-548n,1141,0.097613141
hsa-miR-3153,1140,0.09752759
hsa-miR-6733-5p,1140,0.09752759
hsa-miR-7113-3p,1139,0.09744204
hsa-miR-5096,1139,0.09744204
hsa-miR-450b-5p,1138,0.097356489
hsa-miR-372-5p,1133,0.096928736
hsa-miR-4438,1129,0.096586534
hsa-miR-663a,1123,0.096073231
hsa-miR-6873-5p,1123,0.096073231
hsa-miR-1236-3p,1122,0.095987681
hsa-miR-3978,1122,0.095987681
hsa-miR-199a-3p,1122,0.095987681
hsa-miR-3926,1121,0.09590213
hsa-miR-3175,1121,0.09590213
hsa-miR-17-3p,1119,0.095731029
hsa-miR-612,1118,0.095645479
hsa-miR-744-3p,1118,0.095645479
hsa-miR-4324,1118,0.095645479
hsa-miR-6790-3p,1117,0.095559928
hsa-miR-6821-3p,1116,0.095474378
hsa-miR-3202,1116,0.095474378
hsa-miR-670-3p,1115,0.095388827
hsa-miR-219b-3p,1115,0.095388827
hsa-miR-133a-3p,1113,0.095217726
hsa-miR-1275,1112,0.095132176
hsa-miR-4516,1110,0.094961075
hsa-miR-548aw,1108,0.094789973
hsa-miR-302a-5p,1107,0.094704423
hsa-miR-4786-5p,1107,0.094704423
hsa-miR-141-3p,1103,0.094362221
hsa-miR-671-5p,1101,0.09419112
hsa-miR-1285-3p,1101,0.09419112
hsa-miR-5089-5p,1101,0.09419112
hsa-miR-4428,1099,0.094020019
hsa-miR-193b-5p,1097,0.093848918
hsa-miR-449a,1096,0.093763367
hsa-miR-1229-3p,1096,0.093763367
hsa-miR-6747-5p,1094,0.093592266
hsa-miR-4778-3p,1090,0.093250064
hsa-miR-5688,1090,0.093250064
hsa-miR-6818-5p,1090,0.093250064
hsa-miR-4796-3p,1089,0.093164514
hsa-miR-3973,1089,0.093164514
hsa-miR-202-3p,1089,0.093164514
hsa-miR-6894-5p,1088,0.093078963
hsa-miR-302f,1087,0.092993413
hsa-miR-8055,1085,0.092822312
hsa-miR-138-5p,1085,0.092822312
hsa-miR-6887-3p,1085,0.092822312
hsa-miR-5010-3p,1084,0.092736761
hsa-miR-4446-5p,1084,0.092736761
hsa-miR-216a-5p,1080,0.092394559
hsa-miR-4793-5p,1080,0.092394559
hsa-miR-5582-3p,1078,0.092223458
hsa-miR-1303,1076,0.092052357
hsa-miR-588,1075,0.091966806
hsa-miR-513a-3p,1073,0.091795705
hsa-miR-6752-5p,1071,0.091624604
hsa-miR-5010-5p,1071,0.091624604
hsa-miR-6811-3p,1069,0.091453503
hsa-miR-4525,1069,0.091453503
hsa-miR-3150b-3p,1069,0.091453503
hsa-miR-4784,1069,0.091453503
hsa-miR-1253,1068,0.091367953
hsa-miR-5703,1067,0.091282402
hsa-miR-4434,1067,0.091282402
hsa-miR-6771-3p,1067,0.091282402
hsa-miR-136-5p,1067,0.091282402
hsa-miR-25-5p,1066,0.091196852
hsa-miR-6741-3p,1065,0.091111301
hsa-miR-7110-5p,1065,0.091111301
hsa-miR-6842-5p,1065,0.091111301
hsa-miR-3190-5p,1065,0.091111301
hsa-miR-212-3p,1059,0.090597998
hsa-miR-30e-3p,1058,0.090512448
hsa-miR-191-5p,1056,0.090341347
hsa-miR-505-3p,1054,0.090170246
hsa-miR-507,1052,0.089999144
hsa-miR-557,1052,0.089999144
hsa-miR-3606-3p,1052,0.089999144
hsa-miR-6124,1049,0.089742493
hsa-miR-4795-5p,1048,0.089656942
hsa-miR-6770-5p,1048,0.089656942
hsa-miR-5692a,1047,0.089571392
hsa-miR-769-3p,1046,0.089485841
hsa-miR-224-5p,1045,0.089400291
hsa-miR-3934-5p,1044,0.08931474
hsa-miR-7111-3p,1041,0.089058089
hsa-miR-559,1041,0.089058089
hsa-miR-6514-3p,1040,0.088972538
hsa-miR-6736-3p,1040,0.088972538
hsa-miR-6746-5p,1040,0.088972538
hsa-miR-3133,1040,0.088972538
hsa-miR-126-3p,1037,0.088715887
hsa-miR-651-3p,1036,0.088630336
hsa-miR-513c-3p,1035,0.088544786
hsa-miR-3160-3p,1034,0.088459235
hsa-miR-1200,1034,0.088459235
hsa-miR-4701-5p,1034,0.088459235
hsa-miR-133b,1034,0.088459235
hsa-miR-6721-5p,1033,0.088373685
hsa-miR-6891-5p,1033,0.088373685
hsa-miR-3173-3p,1033,0.088373685
hsa-miR-4487,1032,0.088288134
hsa-miR-4455,1031,0.088202584
hsa-miR-759,1030,0.088117033
hsa-miR-4435,1028,0.087945932
hsa-miR-764,1028,0.087945932
hsa-miR-3187-3p,1028,0.087945932
hsa-miR-769-5p,1027,0.087860382
hsa-miR-548i,1026,0.087774831
hsa-miR-3192-5p,1026,0.087774831
hsa-miR-338-3p,1025,0.087689281
hsa-miR-193a-3p,1024,0.08760373
hsa-miR-518a-5p,1023,0.087518179
hsa-miR-6087,1022,0.087432629
hsa-miR-3653-3p,1022,0.087432629
hsa-miR-365a-3p,1022,0.087432629
hsa-miR-3065-5p,1021,0.087347078
hsa-miR-2113,1021,0.087347078
hsa-miR-6860,1020,0.087261528
hsa-miR-3187-5p,1019,0.087175977
hsa-miR-5189-5p,1019,0.087175977
hsa-miR-6734-3p,1019,0.087175977
hsa-miR-5006-3p,1018,0.087090427
hsa-miR-451b,1018,0.087090427
hsa-miR-2276-3p,1018,0.087090427
hsa-miR-4755-5p,1018,0.087090427
hsa-miR-5692c,1018,0.087090427
hsa-miR-5692b,1018,0.087090427
hsa-miR-4328,1018,0.087090427
hsa-miR-593-3p,1017,0.087004876
hsa-miR-3124-3p,1015,0.086833775
hsa-miR-548d-5p,1015,0.086833775
hsa-miR-4524a-5p,1015,0.086833775
hsa-miR-4524b-3p,1015,0.086833775
hsa-miR-4524b-5p,1015,0.086833775
hsa-miR-4667-3p,1012,0.086577124
hsa-miR-548t-5p,1011,0.086491573
hsa-miR-3680-3p,1011,0.086491573
hsa-miR-548az-5p,1011,0.086491573
hsa-miR-146b-5p,1010,0.086406023
hsa-miR-6852-5p,1010,0.086406023
hsa-miR-6771-5p,1007,0.086149371
hsa-miR-6769b-3p,1006,0.086063821
hsa-miR-3183,1006,0.086063821
hsa-miR-4723-3p,1006,0.086063821
hsa-miR-5571-5p,1005,0.08597827
hsa-miR-6842-3p,1005,0.08597827
hsa-miR-3163,1004,0.08589272
hsa-miR-147a,1003,0.085807169
hsa-miR-548a-5p,1001,0.085636068
hsa-miR-346,999,0.085464967
hsa-miR-203b-3p,999,0.085464967
hsa-miR-548am-5p,998,0.085379417
hsa-miR-548ae-5p,998,0.085379417
hsa-miR-548au-5p,998,0.085379417
hsa-miR-548w,998,0.085379417
hsa-miR-548o-5p,998,0.085379417
hsa-miR-548ap-5p,998,0.085379417
hsa-miR-548bb-5p,998,0.085379417
hsa-miR-548ad-5p,998,0.085379417
hsa-miR-548c-5p,998,0.085379417
hsa-miR-135a-5p,998,0.085379417
hsa-miR-548ar-5p,998,0.085379417
hsa-miR-548ak,998,0.085379417
hsa-miR-548ab,998,0.085379417
hsa-miR-216b-5p,998,0.085379417
hsa-miR-548as-5p,998,0.085379417
hsa-miR-548b-5p,998,0.085379417
hsa-miR-548h-5p,998,0.085379417
hsa-miR-548ay-5p,998,0.085379417
hsa-miR-548aq-5p,998,0.085379417
hsa-miR-548y,998,0.085379417
hsa-miR-548j-5p,998,0.085379417
hsa-miR-19b-1-5p,997,0.085293866
hsa-miR-483-3p,997,0.085293866
hsa-miR-1909-3p,996,0.085208316
hsa-miR-4302,996,0.085208316
hsa-miR-539-5p,996,0.085208316
hsa-miR-6745,995,0.085122765
hsa-miR-6722-3p,995,0.085122765
hsa-miR-5186,995,0.085122765
hsa-miR-542-3p,994,0.085037214
hsa-miR-363-5p,992,0.084866113
hsa-miR-382-5p,992,0.084866113
hsa-miR-7109-5p,989,0.084609462
hsa-miR-579-3p,987,0.084438361
hsa-miR-527,985,0.08426726
hsa-miR-6847-3p,985,0.08426726
hsa-miR-4433b-3p,985,0.08426726
hsa-miR-512-3p,985,0.08426726
hsa-miR-4311,984,0.084181709
hsa-miR-505-5p,983,0.084096159
hsa-miR-6500-3p,982,0.084010608
hsa-miR-92a-1-5p,982,0.084010608
hsa-miR-432-5p,982,0.084010608
hsa-miR-1297,982,0.084010608
hsa-miR-4294,981,0.083925058
hsa-miR-519d-5p,981,0.083925058
hsa-miR-6787-3p,981,0.083925058
hsa-miR-939-5p,980,0.083839507
hsa-miR-623,976,0.083497305
hsa-miR-18b-5p,975,0.083411755
hsa-miR-520d-5p,975,0.083411755
hsa-miR-486-3p,974,0.083326204
hsa-miR-935,973,0.083240654
hsa-miR-23a-5p,972,0.083155103
hsa-miR-1343-3p,972,0.083155103
hsa-miR-6783-3p,972,0.083155103
hsa-miR-4659a-3p,971,0.083069553
hsa-miR-4659b-3p,971,0.083069553
hsa-miR-135b-5p,969,0.082898452
hsa-miR-1296-5p,969,0.082898452
hsa-miR-4736,968,0.082812901
hsa-miR-4465,968,0.082812901
hsa-miR-3614-5p,968,0.082812901
hsa-miR-6826-3p,967,0.082727351
hsa-miR-223-3p,967,0.082727351
hsa-miR-221-5p,967,0.082727351
hsa-miR-4643,967,0.082727351
hsa-miR-34b-5p,967,0.082727351
hsa-miR-6795-5p,966,0.0826418
hsa-miR-6887-5p,966,0.0826418
hsa-miR-140-3p,961,0.082214047
hsa-miR-512-5p,961,0.082214047
hsa-miR-551b-5p,957,0.081871845
hsa-miR-642a-5p,954,0.081615194
hsa-miR-217,953,0.081529643
hsa-miR-545-3p,951,0.081358542
hsa-miR-137,951,0.081358542
hsa-miR-6885-3p,951,0.081358542
hsa-miR-196a-3p,949,0.081187441
hsa-miR-3185,948,0.081101891
hsa-miR-1228-3p,946,0.08093079
hsa-miR-4775,946,0.08093079
hsa-miR-4709-3p,942,0.080588588
hsa-miR-605-5p,941,0.080503037
hsa-miR-4664-5p,941,0.080503037
hsa-miR-2392,939,0.080331936
hsa-miR-30d-3p,938,0.080246385
hsa-miR-6131,936,0.080075284
hsa-miR-5197-3p,936,0.080075284
hsa-miR-500b-3p,936,0.080075284
hsa-miR-381-3p,934,0.079904183
hsa-miR-8063,934,0.079904183
hsa-miR-4689,934,0.079904183
hsa-miR-7154-3p,929,0.079476431
hsa-miR-4476,928,0.07939088
hsa-miR-6876-5p,928,0.07939088
hsa-miR-1343-5p,926,0.079219779
hsa-miR-466,924,0.079048678
hsa-miR-3714,922,0.078877577
hsa-miR-3664-3p,922,0.078877577
hsa-miR-139-5p,922,0.078877577
hsa-miR-6756-3p,922,0.078877577
hsa-miR-4530,920,0.078706476
hsa-miR-409-3p,920,0.078706476
hsa-miR-483-5p,919,0.078620926
hsa-miR-708-5p,918,0.078535375
hsa-miR-613,918,0.078535375
hsa-miR-9-3p,917,0.078449825
hsa-miR-6868-3p,915,0.078278724
hsa-miR-4719,914,0.078193173
hsa-miR-6742-5p,914,0.078193173
hsa-miR-6867-3p,913,0.078107623
hsa-miR-320b,912,0.078022072
hsa-miR-33a-5p,911,0.077936522
hsa-miR-3605-5p,910,0.077850971
hsa-miR-4668-3p,907,0.077594319
hsa-miR-5197-5p,905,0.077423218
hsa-miR-5696,904,0.077337668
hsa-miR-1233-3p,902,0.077166567
hsa-miR-4485-5p,900,0.076995466
hsa-miR-6843-3p,898,0.076824365
hsa-miR-6848-3p,898,0.076824365
hsa-miR-6888-5p,896,0.076653264
hsa-miR-762,895,0.076567713
hsa-miR-7854-3p,895,0.076567713
hsa-miR-4710,892,0.076311062
hsa-miR-3942-3p,892,0.076311062
hsa-miR-4492,891,0.076225511
hsa-miR-4498,891,0.076225511
hsa-miR-3667-3p,891,0.076225511
hsa-miR-5001-5p,891,0.076225511
hsa-miR-130a-5p,889,0.07605441
hsa-miR-5192,888,0.07596886
hsa-miR-891a-3p,887,0.075883309
hsa-miR-5680,887,0.075883309
hsa-miR-1306-5p,886,0.075797759
hsa-miR-488-3p,886,0.075797759
hsa-miR-4762-5p,886,0.075797759
hsa-miR-2278,886,0.075797759
hsa-miR-1248,886,0.075797759
hsa-miR-370-3p,885,0.075712208
hsa-miR-4696,885,0.075712208
hsa-miR-185-3p,884,0.075626658
hsa-miR-573,883,0.075541107
hsa-miR-7158-3p,883,0.075541107
hsa-miR-7156-3p,883,0.075541107
hsa-miR-6869-5p,882,0.075455557
hsa-miR-548u,881,0.075370006
hsa-miR-7161-5p,881,0.075370006
hsa-miR-412-3p,881,0.075370006
hsa-miR-6165,881,0.075370006
hsa-miR-6783-5p,880,0.075284455
hsa-miR-1293,880,0.075284455
hsa-miR-384,879,0.075198905
hsa-miR-4797-5p,878,0.075113354
hsa-miR-1294,878,0.075113354
hsa-miR-4262,877,0.075027804
hsa-miR-23b-5p,877,0.075027804
hsa-miR-5582-5p,877,0.075027804
hsa-miR-7162-3p,876,0.074942253
hsa-miR-7114-5p,876,0.074942253
hsa-miR-8064,875,0.074856703
hsa-miR-3646,874,0.074771152
hsa-miR-2681-5p,872,0.074600051
hsa-miR-6895-3p,872,0.074600051
hsa-miR-9500,872,0.074600051
hsa-miR-4514,868,0.074257849
hsa-miR-595,868,0.074257849
hsa-miR-4483,867,0.074172299
hsa-miR-6737-5p,866,0.074086748
hsa-miR-4745-5p,866,0.074086748
hsa-miR-6812-5p,866,0.074086748
hsa-miR-6819-5p,866,0.074086748
hsa-miR-4692,866,0.074086748
hsa-miR-4481,866,0.074086748
hsa-miR-127-5p,865,0.074001198
hsa-miR-34a-3p,865,0.074001198
hsa-miR-4266,865,0.074001198
hsa-miR-6515-5p,863,0.073830097
hsa-miR-6814-5p,862,0.073744546
hsa-miR-3150a-3p,861,0.073658996
hsa-miR-6763-5p,861,0.073658996
hsa-miR-302c-5p,860,0.073573445
hsa-miR-6847-5p,859,0.073487895
hsa-miR-33a-3p,859,0.073487895
hsa-miR-3529-3p,859,0.073487895
hsa-miR-561-3p,859,0.073487895
hsa-miR-3663-5p,858,0.073402344
hsa-miR-134-5p,858,0.073402344
hsa-miR-422a,857,0.073316794
hsa-miR-433-3p,856,0.073231243
hsa-miR-548e-5p,856,0.073231243
hsa-miR-4781-3p,854,0.073060142
hsa-miR-761,854,0.073060142
hsa-miR-3619-5p,854,0.073060142
hsa-miR-411-5p,854,0.073060142
hsa-miR-6831-5p,853,0.072974591
hsa-miR-3927-3p,853,0.072974591
hsa-miR-4517,852,0.072889041
hsa-miR-1470,851,0.07280349
hsa-miR-126-5p,850,0.07271794
hsa-miR-582-5p,850,0.07271794
hsa-miR-6875-5p,850,0.07271794
hsa-miR-552-3p,849,0.072632389
hsa-miR-1915-3p,846,0.072375738
hsa-miR-6836-3p,846,0.072375738
hsa-miR-5690,845,0.072290187
hsa-miR-4792,845,0.072290187
hsa-miR-6776-5p,845,0.072290187
hsa-miR-4441,845,0.072290187
hsa-miR-4735-5p,844,0.072204637
hsa-miR-6754-5p,844,0.072204637
hsa-miR-4270,844,0.072204637
hsa-miR-383-5p,843,0.072119086
hsa-miR-3679-3p,843,0.072119086
hsa-miR-8089,838,0.071691334
hsa-miR-4716-5p,836,0.071520233
hsa-miR-1281,834,0.071349132
hsa-miR-5586-3p,833,0.071263581
hsa-miR-6879-5p,832,0.071178031
hsa-miR-7843-5p,832,0.071178031
hsa-miR-4632-5p,832,0.071178031
hsa-miR-4436b-3p,832,0.071178031
hsa-miR-6735-5p,832,0.071178031
hsa-miR-4534,828,0.070835829
hsa-miR-4640-5p,828,0.070835829
hsa-miR-1252-5p,828,0.070835829
hsa-miR-6892-3p,828,0.070835829
hsa-miR-4726-5p,828,0.070835829
hsa-miR-4742-3p,826,0.070664728
hsa-miR-1225-3p,825,0.070579177
hsa-miR-4325,825,0.070579177
hsa-miR-3126-5p,824,0.070493626
hsa-miR-328-5p,823,0.070408076
hsa-miR-1262,822,0.070322525
hsa-miR-6818-3p,821,0.070236975
hsa-miR-655-3p,820,0.070151424
hsa-miR-199b-5p,820,0.070151424
hsa-miR-541-3p,818,0.069980323
hsa-miR-4667-5p,817,0.069894773
hsa-miR-4700-5p,817,0.069894773
hsa-miR-493-5p,816,0.069809222
hsa-miR-6803-5p,816,0.069809222
hsa-miR-5047,816,0.069809222
hsa-miR-188-3p,815,0.069723672
hsa-miR-6804-5p,814,0.069638121
hsa-miR-486-5p,814,0.069638121
hsa-miR-3622b-5p,813,0.069552571
hsa-miR-3919,812,0.06946702
hsa-miR-6764-5p,810,0.069295919
hsa-miR-194-5p,810,0.069295919
hsa-miR-184,809,0.069210369
hsa-miR-323a-3p,809,0.069210369
hsa-miR-6885-5p,809,0.069210369
hsa-miR-548as-3p,809,0.069210369
hsa-miR-4764-5p,808,0.069124818
hsa-miR-298,807,0.069039268
hsa-miR-548l,807,0.069039268
hsa-miR-3190-3p,806,0.068953717
hsa-miR-5695,806,0.068953717
hsa-miR-4477a,805,0.068868167
hsa-miR-21-3p,805,0.068868167
hsa-miR-4701-3p,805,0.068868167
hsa-miR-7515,805,0.068868167
hsa-miR-4310,805,0.068868167
hsa-miR-654-5p,805,0.068868167
hsa-miR-3650,805,0.068868167
hsa-miR-7157-5p,805,0.068868167
hsa-miR-6736-5p,805,0.068868167
hsa-miR-6794-5p,804,0.068782616
hsa-miR-4716-3p,804,0.068782616
hsa-miR-449b-5p,803,0.068697066
hsa-miR-5681a,803,0.068697066
hsa-miR-6796-3p,802,0.068611515
hsa-miR-4263,802,0.068611515
hsa-miR-610,801,0.068525965
hsa-miR-155-3p,800,0.068440414
hsa-miR-450a-2-3p,799,0.068354864
hsa-miR-361-3p,798,0.068269313
hsa-miR-4480,798,0.068269313
hsa-miR-652-3p,797,0.068183763
hsa-miR-6079,797,0.068183763
hsa-miR-451a,795,0.068012661
hsa-miR-4286,795,0.068012661
hsa-miR-6751-5p,795,0.068012661
hsa-miR-3156-3p,794,0.067927111
hsa-miR-664a-3p,794,0.067927111
hsa-miR-548p,794,0.067927111
hsa-miR-212-5p,794,0.067927111
hsa-miR-8082,793,0.06784156
hsa-miR-204-3p,792,0.06775601
hsa-miR-6769b-5p,792,0.06775601
hsa-miR-1908-5p,792,0.06775601
hsa-miR-4762-3p,791,0.067670459
hsa-miR-640,791,0.067670459
hsa-miR-4646-5p,790,0.067584909
hsa-miR-922,788,0.067413808
hsa-miR-6769a-5p,788,0.067413808
hsa-miR-548ap-3p,786,0.067242707
hsa-miR-548t-3p,786,0.067242707
hsa-miR-548aa,786,0.067242707
hsa-miR-3127-3p,786,0.067242707
hsa-miR-6833-5p,785,0.067157156
hsa-miR-105-5p,785,0.067157156
hsa-miR-4532,784,0.067071606
hsa-miR-4301,783,0.066986055
hsa-miR-3121-5p,782,0.066900505
hsa-miR-2110,780,0.066729404
hsa-miR-4726-3p,780,0.066729404
hsa-miR-4423-5p,778,0.066558303
hsa-miR-4251,777,0.066472752
hsa-miR-3179,777,0.066472752
hsa-miR-3157-5p,777,0.066472752
hsa-miR-578,777,0.066472752
hsa-miR-892b,777,0.066472752
hsa-miR-338-5p,776,0.066387202
hsa-miR-1237-3p,774,0.066216101
hsa-miR-490-3p,774,0.066216101
hsa-miR-3123,773,0.06613055
hsa-miR-944,773,0.06613055
hsa-miR-4488,773,0.06613055
hsa-miR-664b-3p,772,0.066045
hsa-miR-328-3p,772,0.066045
hsa-miR-7150,772,0.066045
hsa-miR-8073,772,0.066045
hsa-miR-889-5p,771,0.065959449
hsa-miR-6515-3p,771,0.065959449
hsa-miR-192-3p,771,0.065959449
hsa-miR-6732-5p,770,0.065873899
hsa-miR-5003-3p,769,0.065788348
hsa-miR-4735-3p,768,0.065702798
hsa-miR-431-5p,767,0.065617247
hsa-miR-622,767,0.065617247
hsa-miR-1304-5p,766,0.065531696
hsa-miR-6881-3p,766,0.065531696
hsa-miR-4260,765,0.065446146
hsa-miR-29b-1-5p,764,0.065360595
hsa-miR-4691-3p,764,0.065360595
hsa-miR-6501-5p,764,0.065360595
hsa-miR-506-3p,763,0.065275045
hsa-miR-4307,760,0.065018393
hsa-miR-4799-5p,758,0.064847292
hsa-miR-6083,757,0.064761742
hsa-miR-1237-5p,757,0.064761742
hsa-miR-4697-5p,756,0.064676191
hsa-miR-1264,756,0.064676191
hsa-miR-3184-5p,755,0.064590641
hsa-miR-2276-5p,755,0.064590641
hsa-miR-361-5p,754,0.06450509
hsa-miR-205-3p,753,0.06441954
hsa-miR-7856-5p,753,0.06441954
hsa-miR-3143,753,0.06441954
hsa-miR-6501-3p,753,0.06441954
hsa-miR-7855-5p,750,0.064162888
hsa-miR-2355-5p,750,0.064162888
hsa-miR-4639-3p,749,0.064077338
hsa-miR-5697,748,0.063991787
hsa-miR-629-3p,748,0.063991787
hsa-miR-3152-3p,747,0.063906237
hsa-miR-580-3p,747,0.063906237
hsa-miR-4729,746,0.063820686
hsa-miR-6791-5p,746,0.063820686
hsa-miR-583,746,0.063820686
hsa-miR-1238-3p,745,0.063735136
hsa-miR-658,745,0.063735136
hsa-miR-4421,745,0.063735136
hsa-miR-504-5p,745,0.063735136
hsa-miR-633,742,0.063478484
hsa-miR-1913,741,0.063392934
hsa-miR-570-3p,741,0.063392934
hsa-let-7c-3p,740,0.063307383
hsa-miR-329-5p,739,0.063221832
hsa-miR-518c-5p,739,0.063221832
hsa-miR-3170,738,0.063136282
hsa-miR-6855-5p,738,0.063136282
hsa-miR-4760-3p,738,0.063136282
hsa-miR-548an,737,0.063050731
hsa-miR-1234-3p,736,0.062965181
hsa-miR-6793-3p,735,0.06287963
hsa-miR-6088,734,0.06279408
hsa-miR-4706,734,0.06279408
hsa-miR-6826-5p,734,0.06279408
hsa-miR-4713-5p,734,0.06279408
hsa-miR-4695-3p,734,0.06279408
hsa-miR-4770,734,0.06279408
hsa-miR-5699-3p,734,0.06279408
hsa-miR-577,734,0.06279408
hsa-miR-4267,734,0.06279408
hsa-miR-4292,733,0.062708529
hsa-miR-3664-5p,732,0.062622979
hsa-miR-4794,732,0.062622979
hsa-miR-664a-5p,732,0.062622979
hsa-miR-5189-3p,731,0.062537428
hsa-miR-302b-5p,731,0.062537428
hsa-miR-4645-5p,731,0.062537428
hsa-miR-376a-3p,731,0.062537428
hsa-miR-6872-3p,731,0.062537428
hsa-miR-4673,731,0.062537428
hsa-miR-302d-5p,728,0.062280777
hsa-miR-513b-5p,727,0.062195226
hsa-miR-3151-5p,727,0.062195226
hsa-miR-448,727,0.062195226
hsa-miR-23c,726,0.062109676
hsa-miR-6796-5p,725,0.062024125
hsa-miR-520a-5p,725,0.062024125
hsa-miR-6871-5p,725,0.062024125
hsa-miR-525-5p,725,0.062024125
hsa-miR-16-1-3p,724,0.061938575
hsa-miR-4666b,724,0.061938575
hsa-miR-4756-3p,718,0.061425272
hsa-miR-4289,717,0.061339721
hsa-miR-6752-3p,716,0.061254171
hsa-miR-449c-5p,714,0.06108307
hsa-miR-4749-5p,714,0.06108307
hsa-miR-95-5p,714,0.06108307
hsa-miR-216b-3p,713,0.060997519
hsa-miR-6081,712,0.060911969
hsa-miR-3191-5p,712,0.060911969
hsa-miR-5007-3p,712,0.060911969
hsa-miR-153-3p,711,0.060826418
hsa-miR-3180-5p,711,0.060826418
hsa-miR-5003-5p,710,0.060740867
hsa-miR-1267,710,0.060740867
hsa-miR-4776-3p,708,0.060569766
hsa-miR-548at-5p,708,0.060569766
hsa-miR-496,706,0.060398665
hsa-miR-548o-3p,706,0.060398665
hsa-miR-6780a-3p,704,0.060227564
hsa-miR-6878-3p,704,0.060227564
hsa-miR-637,703,0.060142014
hsa-miR-320c,703,0.060142014
hsa-miR-3611,703,0.060142014
hsa-miR-301a-5p,702,0.060056463
hsa-miR-636,702,0.060056463
hsa-miR-20a-3p,701,0.059970913
hsa-miR-655-5p,701,0.059970913
hsa-miR-8068,701,0.059970913
hsa-miR-3616-5p,699,0.059799812
hsa-miR-3928-3p,699,0.059799812
hsa-miR-4316,698,0.059714261
hsa-miR-514b-5p,697,0.059628711
hsa-miR-300,697,0.059628711
hsa-miR-4686,697,0.059628711
hsa-miR-3147,696,0.05954316
hsa-miR-374c-5p,696,0.05954316
hsa-miR-98-3p,695,0.05945761
hsa-miR-656-3p,694,0.059372059
hsa-miR-33b-5p,694,0.059372059
hsa-miR-1972,691,0.059115408
hsa-miR-8060,691,0.059115408
hsa-miR-510-5p,691,0.059115408
hsa-miR-4741,691,0.059115408
hsa-miR-6895-5p,691,0.059115408
hsa-miR-4675,691,0.059115408
hsa-miR-1193,691,0.059115408
hsa-miR-6132,689,0.058944307
hsa-miR-6836-5p,689,0.058944307
hsa-miR-4443,688,0.058858756
hsa-miR-2115-3p,687,0.058773206
hsa-miR-222-5p,687,0.058773206
hsa-miR-141-5p,686,0.058687655
hsa-miR-3620-5p,684,0.058516554
hsa-miR-1587,684,0.058516554
hsa-miR-6765-5p,684,0.058516554
hsa-miR-1245a,683,0.058431004
hsa-miR-7107-5p,683,0.058431004
hsa-miR-599,683,0.058431004
hsa-miR-1272,682,0.058345453
hsa-miR-564,682,0.058345453
hsa-miR-6795-3p,681,0.058259902
hsa-miR-2682-5p,681,0.058259902
hsa-miR-148a-5p,680,0.058174352
hsa-miR-26a-1-3p,679,0.058088801
hsa-miR-8062,679,0.058088801
hsa-miR-4660,679,0.058088801
hsa-miR-6073,678,0.058003251
hsa-miR-4731-3p,677,0.0579177
hsa-miR-8066,677,0.0579177
hsa-miR-5586-5p,677,0.0579177
hsa-miR-4801,677,0.0579177
hsa-miR-6744-3p,676,0.05783215
hsa-miR-561-5p,676,0.05783215
hsa-miR-1260a,676,0.05783215
hsa-miR-4757-5p,676,0.05783215
hsa-miR-545-5p,676,0.05783215
hsa-miR-1914-3p,675,0.057746599
hsa-miR-548k,675,0.057746599
hsa-miR-4519,675,0.057746599
hsa-miR-3675-3p,675,0.057746599
hsa-miR-8054,675,0.057746599
hsa-miR-760,675,0.057746599
hsa-miR-548av-5p,675,0.057746599
hsa-miR-376c-3p,674,0.057661049
hsa-miR-648,674,0.057661049
hsa-miR-367-5p,674,0.057661049
hsa-miR-101-5p,674,0.057661049
hsa-miR-576-5p,673,0.057575498
hsa-miR-1185-2-3p,673,0.057575498
hsa-miR-5088-3p,673,0.057575498
hsa-miR-513c-5p,673,0.057575498
hsa-miR-1185-1-3p,672,0.057489948
hsa-miR-552-5p,671,0.057404397
hsa-miR-4786-3p,671,0.057404397
hsa-miR-3140-3p,671,0.057404397
hsa-miR-550a-5p,671,0.057404397
hsa-miR-4264,670,0.057318847
hsa-miR-4653-3p,669,0.057233296
hsa-miR-4276,669,0.057233296
hsa-miR-6072,668,0.057147746
hsa-miR-6891-3p,668,0.057147746
hsa-miR-330-3p,667,0.057062195
hsa-miR-3136-5p,665,0.056891094
hsa-miR-4439,665,0.056891094
hsa-let-7g-3p,665,0.056891094
hsa-miR-4680-3p,664,0.056805544
hsa-miR-296-5p,664,0.056805544
hsa-miR-4656,663,0.056719993
hsa-miR-510-3p,663,0.056719993
hsa-miR-5001-3p,663,0.056719993
hsa-miR-4531,662,0.056634443
hsa-miR-4280,661,0.056548892
hsa-miR-1287-5p,661,0.056548892
hsa-miR-128-1-5p,660,0.056463342
hsa-miR-5701,660,0.056463342
hsa-miR-580-5p,660,0.056463342
hsa-miR-4694-3p,660,0.056463342
hsa-miR-6733-3p,659,0.056377791
hsa-miR-188-5p,659,0.056377791
hsa-miR-449b-3p,659,0.056377791
hsa-miR-8052,658,0.056292241
hsa-miR-3199,658,0.056292241
hsa-miR-485-3p,658,0.056292241
hsa-miR-3194-3p,657,0.05620669
hsa-miR-1227-3p,657,0.05620669
hsa-miR-5590-5p,657,0.05620669
hsa-miR-4680-5p,657,0.05620669
hsa-miR-638,656,0.05612114
hsa-miR-3174,656,0.05612114
hsa-miR-675-5p,656,0.05612114
hsa-miR-6835-5p,656,0.05612114
hsa-miR-6511b-5p,656,0.05612114
hsa-miR-550b-2-5p,656,0.05612114
hsa-miR-8079,655,0.056035589
hsa-miR-6811-5p,655,0.056035589
hsa-miR-5195-3p,655,0.056035589
hsa-miR-6858-5p,655,0.056035589
hsa-miR-6870-3p,653,0.055864488
hsa-miR-548e-3p,653,0.055864488
hsa-miR-6758-3p,653,0.055864488
hsa-miR-3154,652,0.055778937
hsa-miR-4753-5p,652,0.055778937
hsa-miR-4298,652,0.055778937
hsa-miR-1302,652,0.055778937
hsa-miR-29a-5p,651,0.055693387
hsa-miR-6846-5p,650,0.055607836
hsa-miR-4303,650,0.055607836
hsa-miR-3121-3p,650,0.055607836
hsa-miR-5699-5p,650,0.055607836
hsa-miR-128-2-5p,650,0.055607836
hsa-miR-6848-5p,650,0.055607836
hsa-miR-3161,649,0.055522286
hsa-miR-4683,649,0.055522286
hsa-miR-208b-5p,648,0.055436735
hsa-miR-548au-3p,648,0.055436735
hsa-miR-183-3p,647,0.055351185
hsa-miR-4272,647,0.055351185
hsa-miR-10b-3p,646,0.055265634
hsa-miR-208a-5p,646,0.055265634
hsa-miR-1324,646,0.055265634
hsa-miR-6787-5p,645,0.055180084
hsa-miR-1296-3p,645,0.055180084
hsa-miR-6893-3p,645,0.055180084
hsa-miR-3198,645,0.055180084
hsa-miR-6782-5p,645,0.055180084
hsa-miR-6512-5p,645,0.055180084
hsa-miR-4309,645,0.055180084
hsa-miR-548ar-3p,644,0.055094533
hsa-miR-605-3p,643,0.055008983
hsa-miR-875-3p,643,0.055008983
hsa-miR-7152-5p,642,0.054923432
hsa-miR-3162-3p,642,0.054923432
hsa-miR-33b-3p,641,0.054837882
hsa-miR-6507-5p,641,0.054837882
hsa-miR-3692-3p,641,0.054837882
hsa-miR-6126,640,0.054752331
hsa-miR-3065-3p,639,0.054666781
hsa-miR-3678-3p,639,0.054666781
hsa-miR-4255,638,0.05458123
hsa-miR-6777-3p,637,0.05449568
hsa-miR-5702,636,0.054410129
hsa-miR-3120-3p,636,0.054410129
hsa-miR-28-5p,636,0.054410129
hsa-miR-501-5p,636,0.054410129
hsa-miR-6074,636,0.054410129
hsa-miR-1323,636,0.054410129
hsa-miR-1298-5p,634,0.054239028
hsa-miR-562,634,0.054239028
hsa-miR-889-3p,634,0.054239028
hsa-miR-340-3p,634,0.054239028
hsa-miR-548az-3p,633,0.054153478
hsa-miR-1276,633,0.054153478
hsa-miR-3591-5p,633,0.054153478
hsa-miR-5190,633,0.054153478
hsa-miR-493-3p,632,0.054067927
hsa-miR-6089,630,0.053896826
hsa-miR-6748-5p,630,0.053896826
hsa-miR-548a-3p,629,0.053811276
hsa-miR-644a,628,0.053725725
hsa-miR-492,628,0.053725725
hsa-miR-106b-3p,627,0.053640175
hsa-miR-3925-5p,627,0.053640175
hsa-miR-548av-3p,626,0.053554624
hsa-miR-6824-3p,626,0.053554624
hsa-miR-6505-5p,626,0.053554624
hsa-miR-516a-3p,626,0.053554624
hsa-miR-4268,626,0.053554624
hsa-miR-6764-3p,626,0.053554624
hsa-miR-194-3p,625,0.053469073
hsa-miR-4425,624,0.053383523
hsa-miR-4795-3p,624,0.053383523
hsa-miR-873-3p,624,0.053383523
hsa-miR-548f-3p,623,0.053297972
hsa-miR-6819-3p,623,0.053297972
hsa-miR-7853-5p,623,0.053297972
hsa-miR-642b-3p,622,0.053212422
hsa-miR-432-3p,622,0.053212422
hsa-miR-642a-3p,622,0.053212422
hsa-miR-5194,622,0.053212422
hsa-miR-6877-3p,622,0.053212422
hsa-miR-6890-5p,622,0.053212422
hsa-miR-376a-5p,621,0.053126871
hsa-miR-1283,620,0.053041321
hsa-miR-1289,620,0.053041321
hsa-miR-4699-3p,619,0.05295577
hsa-miR-3159,618,0.05287022
hsa-miR-1266-5p,618,0.05287022
hsa-let-7a-2-3p,618,0.05287022
hsa-miR-3189-5p,618,0.05287022
hsa-miR-506-5p,617,0.052784669
hsa-miR-4437,617,0.052784669
hsa-miR-6857-5p,616,0.052699119
hsa-miR-892c-3p,615,0.052613568
hsa-miR-331-5p,614,0.052528018
hsa-miR-199b-3p,614,0.052528018
hsa-miR-219a-5p,614,0.052528018
hsa-miR-4269,614,0.052528018
hsa-miR-3620-3p,613,0.052442467
hsa-miR-6828-5p,613,0.052442467
hsa-miR-490-5p,613,0.052442467
hsa-miR-1184,613,0.052442467
hsa-miR-19a-5p,612,0.052356917
hsa-miR-5681b,611,0.052271366
hsa-miR-6738-5p,611,0.052271366
hsa-miR-6862-3p,609,0.052100265
hsa-miR-6784-3p,609,0.052100265
hsa-miR-6805-3p,608,0.052014715
hsa-miR-5691,608,0.052014715
hsa-miR-19b-2-5p,607,0.051929164
hsa-miR-7159-5p,606,0.051843614
hsa-miR-4709-5p,605,0.051758063
hsa-miR-6728-3p,605,0.051758063
hsa-miR-514a-5p,604,0.051672513
hsa-miR-6866-3p,604,0.051672513
hsa-miR-1322,604,0.051672513
hsa-miR-4674,604,0.051672513
hsa-miR-7851-3p,603,0.051586962
hsa-miR-6889-3p,603,0.051586962
hsa-miR-4797-3p,603,0.051586962
hsa-miR-6729-3p,603,0.051586962
hsa-miR-5589-3p,601,0.051415861
hsa-miR-1268a,601,0.051415861
hsa-miR-4486,601,0.051415861
hsa-miR-5008-5p,600,0.051330311
hsa-miR-124-5p,599,0.05124476
hsa-miR-3918,599,0.05124476
hsa-miR-1271-3p,598,0.05115921
hsa-miR-550a-3-5p,598,0.05115921
hsa-miR-6768-5p,598,0.05115921
hsa-miR-6801-5p,598,0.05115921
hsa-miR-4477b,597,0.051073659
hsa-miR-548b-3p,597,0.051073659
hsa-miR-10a-3p,597,0.051073659
hsa-miR-4467,597,0.051073659
hsa-miR-511-5p,596,0.050988108
hsa-miR-1825,595,0.050902558
hsa-miR-1268b,595,0.050902558
hsa-miR-7641,592,0.050645906
hsa-miR-6835-3p,592,0.050645906
hsa-miR-6716-5p,592,0.050645906
hsa-miR-6854-5p,591,0.050560356
hsa-miR-509-3-5p,591,0.050560356
hsa-miR-4720-3p,591,0.050560356
hsa-miR-3064-5p,590,0.050474805
hsa-miR-516b-5p,589,0.050389255
hsa-miR-8087,589,0.050389255
hsa-miR-5572,589,0.050389255
hsa-miR-937-5p,589,0.050389255
hsa-miR-6509-5p,588,0.050303704
hsa-miR-541-5p,587,0.050218154
hsa-miR-3129-5p,587,0.050218154
hsa-miR-455-5p,586,0.050132603
hsa-miR-4732-5p,586,0.050132603
hsa-miR-6741-5p,585,0.050047053
hsa-miR-509-5p,584,0.049961502
hsa-miR-4418,584,0.049961502
hsa-miR-4424,583,0.049875952
hsa-miR-4314,583,0.049875952
hsa-miR-3914,583,0.049875952
hsa-miR-215-3p,582,0.049790401
hsa-miR-203a-5p,581,0.049704851
hsa-miR-22-5p,580,0.0496193
hsa-miR-6513-3p,580,0.0496193
hsa-miR-802,580,0.0496193
hsa-miR-3911,580,0.0496193
hsa-miR-1206,579,0.04953375
hsa-miR-5584-5p,579,0.04953375
hsa-miR-516b-3p,579,0.04953375
hsa-miR-7162-5p,579,0.04953375
hsa-miR-6857-3p,578,0.049448199
hsa-miR-200c-5p,577,0.049362649
hsa-miR-146a-3p,577,0.049362649
hsa-miR-190b,577,0.049362649
hsa-miR-4427,577,0.049362649
hsa-miR-4724-5p,577,0.049362649
hsa-miR-6812-3p,577,0.049362649
hsa-miR-4711-3p,577,0.049362649
hsa-miR-4672,576,0.049277098
hsa-miR-4676-3p,576,0.049277098
hsa-miR-4765,576,0.049277098
hsa-miR-4708-5p,576,0.049277098
hsa-miR-6507-3p,576,0.049277098
hsa-miR-6882-3p,575,0.049191548
hsa-miR-500a-5p,575,0.049191548
hsa-miR-3160-5p,575,0.049191548
hsa-miR-6829-5p,575,0.049191548
hsa-miR-711,575,0.049191548
hsa-let-7f-2-3p,575,0.049191548
hsa-miR-4513,574,0.049105997
hsa-miR-6855-3p,574,0.049105997
hsa-miR-3910,574,0.049105997
hsa-miR-151a-5p,573,0.049020447
hsa-miR-6827-5p,573,0.049020447
hsa-miR-7850-5p,573,0.049020447
hsa-miR-200a-5p,573,0.049020447
hsa-miR-6738-3p,572,0.048934896
hsa-miR-3149,571,0.048849346
hsa-miR-450b-3p,571,0.048849346
hsa-miR-7109-3p,570,0.048763795
hsa-miR-3944-5p,569,0.048678245
hsa-miR-4758-3p,569,0.048678245
hsa-miR-211-3p,568,0.048592694
hsa-miR-2116-3p,568,0.048592694
hsa-miR-6838-3p,567,0.048507143
hsa-miR-3144-3p,566,0.048421593
hsa-miR-32-3p,565,0.048336042
hsa-miR-376b-3p,565,0.048336042
hsa-miR-15a-3p,564,0.048250492
hsa-miR-3165,563,0.048164941
hsa-miR-144-5p,563,0.048164941
hsa-miR-518c-3p,563,0.048164941
hsa-miR-4452,561,0.04799384
hsa-miR-4318,561,0.04799384
hsa-miR-6516-3p,561,0.04799384
hsa-miR-6715b-5p,561,0.04799384
hsa-miR-488-5p,560,0.04790829
hsa-miR-6865-3p,559,0.047822739
hsa-miR-3607-5p,559,0.047822739
hsa-miR-4748,559,0.047822739
hsa-miR-3685,559,0.047822739
hsa-miR-6781-5p,558,0.047737189
hsa-miR-4495,557,0.047651638
hsa-miR-3141,557,0.047651638
hsa-miR-520f-5p,557,0.047651638
hsa-miR-4800-5p,557,0.047651638
hsa-miR-6834-5p,556,0.047566088
hsa-miR-589-3p,555,0.047480537
hsa-miR-6853-5p,555,0.047480537
hsa-miR-6755-5p,554,0.047394987
hsa-miR-6514-5p,552,0.047223886
hsa-miR-3130-3p,551,0.047138335
hsa-miR-4670-3p,551,0.047138335
hsa-miR-6732-3p,551,0.047138335
hsa-miR-4685-5p,550,0.047052785
hsa-miR-6837-5p,550,0.047052785
hsa-miR-4464,550,0.047052785
hsa-miR-3196,549,0.046967234
hsa-miR-6884-3p,548,0.046881684
hsa-miR-5583-3p,548,0.046881684
hsa-miR-874-5p,548,0.046881684
hsa-miR-1178-3p,547,0.046796133
hsa-miR-425-3p,547,0.046796133
hsa-miR-657,547,0.046796133
hsa-miR-99b-3p,546,0.046710583
hsa-miR-4504,545,0.046625032
hsa-miR-4742-5p,545,0.046625032
hsa-miR-6773-3p,545,0.046625032
hsa-miR-654-3p,544,0.046539482
hsa-miR-365a-5p,544,0.046539482
hsa-miR-568,544,0.046539482
hsa-miR-1183,544,0.046539482
hsa-miR-99b-5p,544,0.046539482
hsa-miR-365b-5p,543,0.046453931
hsa-miR-5694,543,0.046453931
hsa-miR-370-5p,543,0.046453931
hsa-miR-892c-5p,543,0.046453931
hsa-miR-374b-3p,542,0.046368381
hsa-miR-1292-3p,541,0.04628283
hsa-miR-4659a-5p,541,0.04628283
hsa-miR-4659b-5p,541,0.04628283
hsa-miR-4511,540,0.046197279
hsa-miR-6794-3p,540,0.046197279
hsa-miR-7113-5p,540,0.046197279
hsa-miR-365b-3p,540,0.046197279
hsa-miR-4652-3p,539,0.046111729
hsa-miR-4677-5p,539,0.046111729
hsa-miR-4451,539,0.046111729
hsa-miR-6837-3p,538,0.046026178
hsa-miR-676-5p,538,0.046026178
hsa-miR-4648,538,0.046026178
hsa-miR-1255a,537,0.045940628
hsa-miR-1255b-5p,537,0.045940628
hsa-miR-653-5p,537,0.045940628
hsa-miR-3915,537,0.045940628
hsa-miR-1271-5p,536,0.045855077
hsa-miR-4705,536,0.045855077
hsa-miR-181a-2-3p,536,0.045855077
hsa-miR-195-3p,536,0.045855077
hsa-miR-6792-5p,536,0.045855077
hsa-miR-6827-3p,536,0.045855077
hsa-miR-630,535,0.045769527
hsa-miR-6726-5p,535,0.045769527
hsa-miR-5591-5p,535,0.045769527
hsa-miR-4752,535,0.045769527
hsa-miR-920,535,0.045769527
hsa-miR-4300,535,0.045769527
hsa-miR-5093,534,0.045683976
hsa-miR-1257,533,0.045598426
hsa-miR-4714-3p,532,0.045512875
hsa-miR-3606-5p,532,0.045512875
hsa-miR-6780b-3p,532,0.045512875
hsa-miR-4290,531,0.045427325
hsa-miR-6753-5p,531,0.045427325
hsa-miR-574-3p,530,0.045341774
hsa-miR-891b,530,0.045341774
hsa-miR-4308,529,0.045256224
hsa-miR-6739-3p,528,0.045170673
hsa-miR-4291,528,0.045170673
hsa-miR-1270,528,0.045170673
hsa-miR-500a-3p,527,0.045085123
hsa-miR-4738-3p,527,0.045085123
hsa-miR-770-5p,527,0.045085123
hsa-miR-620,527,0.045085123
hsa-miR-6864-5p,526,0.044999572
hsa-miR-3152-5p,526,0.044999572
hsa-miR-6760-3p,526,0.044999572
hsa-miR-1180-3p,526,0.044999572
hsa-miR-6090,525,0.044914022
hsa-miR-3118,525,0.044914022
hsa-miR-670-5p,524,0.044828471
hsa-miR-4482-3p,524,0.044828471
hsa-miR-943,524,0.044828471
hsa-miR-3936,523,0.044742921
hsa-miR-6729-5p,523,0.044742921
hsa-miR-4649-5p,523,0.044742921
hsa-miR-7974,523,0.044742921
hsa-miR-3909,523,0.044742921
hsa-miR-4708-3p,521,0.04457182
hsa-miR-1199-5p,521,0.04457182
hsa-miR-6751-3p,521,0.04457182
hsa-miR-198,520,0.044486269
hsa-miR-31-3p,520,0.044486269
hsa-miR-6728-5p,519,0.044400719
hsa-miR-6830-3p,518,0.044315168
hsa-miR-624-3p,517,0.044229618
hsa-miR-586,517,0.044229618
hsa-miR-7151-5p,516,0.044144067
hsa-miR-4518,516,0.044144067
hsa-miR-6852-3p,516,0.044144067
hsa-miR-299-3p,516,0.044144067
hsa-miR-382-3p,516,0.044144067
hsa-miR-6866-5p,515,0.044058517
hsa-miR-1179,515,0.044058517
hsa-miR-502-5p,515,0.044058517
hsa-miR-4682,515,0.044058517
hsa-miR-6085,514,0.043972966
hsa-miR-4293,514,0.043972966
hsa-miR-522-3p,514,0.043972966
hsa-miR-5100,513,0.043887416
hsa-let-7a-3p,513,0.043887416
hsa-miR-876-3p,513,0.043887416
hsa-miR-628-3p,513,0.043887416
hsa-miR-4743-3p,513,0.043887416
hsa-miR-548v,512,0.043801865
hsa-miR-6128,512,0.043801865
hsa-miR-5000-5p,511,0.043716314
hsa-miR-7159-3p,511,0.043716314
hsa-miR-4283,511,0.043716314
hsa-miR-1914-5p,511,0.043716314
hsa-miR-8084,511,0.043716314
hsa-miR-6810-5p,511,0.043716314
hsa-miR-3622a-3p,511,0.043716314
hsa-miR-5591-3p,511,0.043716314
hsa-miR-936,510,0.043630764
hsa-miR-4662a-5p,510,0.043630764
hsa-miR-4522,509,0.043545213
hsa-miR-4782-3p,509,0.043545213
hsa-miR-5187-3p,509,0.043545213
hsa-miR-1911-3p,509,0.043545213
hsa-miR-5581-5p,509,0.043545213
hsa-miR-4297,509,0.043545213
hsa-miR-5087,508,0.043459663
hsa-miR-8057,507,0.043374112
hsa-miR-5585-3p,507,0.043374112
hsa-miR-7844-5p,507,0.043374112
hsa-miR-888-3p,506,0.043288562
hsa-miR-3690,506,0.043288562
hsa-miR-519e-3p,506,0.043288562
hsa-miR-7156-5p,506,0.043288562
hsa-miR-515-3p,506,0.043288562
hsa-miR-4273,506,0.043288562
hsa-miR-571,505,0.043203011
hsa-miR-3622a-5p,504,0.043117461
hsa-miR-5007-5p,501,0.042860809
hsa-miR-587,501,0.042860809
hsa-miR-5187-5p,500,0.042775259
hsa-miR-4804-3p,500,0.042775259
hsa-miR-3925-3p,499,0.042689708
hsa-miR-6813-5p,498,0.042604158
hsa-miR-593-5p,498,0.042604158
hsa-miR-3616-3p,497,0.042518607
hsa-miR-642b-5p,496,0.042433057
hsa-miR-6805-5p,496,0.042433057
hsa-miR-2054,496,0.042433057
hsa-miR-4638-3p,494,0.042261956
hsa-miR-4693-3p,494,0.042261956
hsa-miR-3138,494,0.042261956
hsa-miR-2861,491,0.042005304
hsa-miR-3659,491,0.042005304
hsa-miR-4727-5p,490,0.041919754
hsa-miR-555,490,0.041919754
hsa-miR-136-3p,489,0.041834203
hsa-miR-6816-5p,489,0.041834203
hsa-miR-4803,489,0.041834203
hsa-miR-3180,488,0.041748653
hsa-miR-6509-3p,488,0.041748653
hsa-miR-4423-3p,488,0.041748653
hsa-miR-3180-3p,488,0.041748653
hsa-miR-6879-3p,488,0.041748653
hsa-miR-1911-5p,487,0.041663102
hsa-miR-4766-5p,486,0.041577552
hsa-miR-454-5p,485,0.041492001
hsa-miR-1224-5p,485,0.041492001
hsa-miR-3201,485,0.041492001
hsa-miR-4791,485,0.041492001
hsa-miR-4254,484,0.041406451
hsa-miR-1279,484,0.041406451
hsa-miR-2115-5p,484,0.041406451
hsa-miR-1254,484,0.041406451
hsa-miR-3688-3p,483,0.0413209
hsa-miR-1284,483,0.0413209
hsa-miR-503-3p,482,0.041235349
hsa-miR-8077,481,0.041149799
hsa-miR-139-3p,481,0.041149799
hsa-miR-6844,481,0.041149799
hsa-miR-6715a-3p,481,0.041149799
hsa-miR-6798-5p,481,0.041149799
hsa-miR-6789-3p,480,0.041064248
hsa-miR-3691-3p,479,0.040978698
hsa-miR-3674,479,0.040978698
hsa-miR-4253,478,0.040893147
hsa-miR-122-3p,478,0.040893147
hsa-miR-325,478,0.040893147
hsa-miR-103a-2-5p,478,0.040893147
hsa-miR-6862-5p,477,0.040807597
hsa-miR-6871-3p,477,0.040807597
hsa-miR-4715-3p,476,0.040722046
hsa-miR-5004-5p,476,0.040722046
hsa-miR-8080,476,0.040722046
hsa-miR-371b-3p,475,0.040636496
hsa-miR-514b-3p,475,0.040636496
hsa-miR-100-3p,475,0.040636496
hsa-miR-514a-3p,475,0.040636496
hsa-miR-6761-5p,474,0.040550945
hsa-miR-27b-5p,473,0.040465395
hsa-miR-634,472,0.040379844
hsa-miR-6765-3p,472,0.040379844
hsa-miR-7155-5p,472,0.040379844
hsa-miR-3614-3p,471,0.040294294
hsa-miR-4671-3p,471,0.040294294
hsa-miR-592,471,0.040294294
hsa-miR-6504-5p,471,0.040294294
hsa-miR-4323,471,0.040294294
hsa-miR-1227-5p,470,0.040208743
hsa-miR-4422,470,0.040208743
hsa-miR-885-3p,469,0.040123193
hsa-let-7b-3p,469,0.040123193
hsa-miR-556-5p,469,0.040123193
hsa-miR-647,468,0.040037642
hsa-miR-4769-3p,468,0.040037642
hsa-miR-2467-5p,467,0.039952092
hsa-miR-4740-3p,467,0.039952092
hsa-miR-924,467,0.039952092
hsa-miR-1299,467,0.039952092
hsa-miR-495-5p,466,0.039866541
hsa-miR-1182,466,0.039866541
hsa-miR-6793-5p,466,0.039866541
hsa-miR-202-5p,465,0.039780991
hsa-miR-5706,464,0.03969544
hsa-miR-6730-5p,464,0.03969544
hsa-miR-4312,464,0.03969544
hsa-miR-4782-5p,464,0.03969544
hsa-miR-16-2-3p,464,0.03969544
hsa-miR-4653-5p,463,0.03960989
hsa-miR-569,463,0.03960989
hsa-miR-7112-3p,463,0.03960989
hsa-miR-6766-3p,463,0.03960989
hsa-miR-3921,462,0.039524339
hsa-miR-5581-3p,462,0.039524339
hsa-miR-3692-5p,461,0.039438789
hsa-miR-150-3p,461,0.039438789
hsa-miR-301b-5p,461,0.039438789
hsa-miR-433-5p,461,0.039438789
hsa-miR-641,460,0.039353238
hsa-miR-8071,460,0.039353238
hsa-miR-3120-5p,460,0.039353238
hsa-miR-6511b-3p,460,0.039353238
hsa-miR-4642,460,0.039353238
hsa-miR-1295b-3p,459,0.039267688
hsa-miR-7106-3p,459,0.039267688
hsa-miR-885-5p,459,0.039267688
hsa-miR-4666a-3p,459,0.039267688
hsa-miR-6511a-3p,459,0.039267688
hsa-miR-3176,458,0.039182137
hsa-miR-6740-5p,458,0.039182137
hsa-miR-4743-5p,457,0.039096587
hsa-miR-154-5p,457,0.039096587
hsa-miR-4717-5p,457,0.039096587
hsa-miR-1246,457,0.039096587
hsa-miR-2052,457,0.039096587
hsa-miR-6754-3p,456,0.039011036
hsa-miR-6888-3p,456,0.039011036
hsa-miR-4780,455,0.038925485
hsa-miR-187-5p,455,0.038925485
hsa-miR-6817-5p,454,0.038839935
hsa-miR-6759-5p,454,0.038839935
hsa-miR-4470,453,0.038754384
hsa-miR-378c,452,0.038668834
hsa-miR-6868-5p,452,0.038668834
hsa-miR-4322,452,0.038668834
hsa-let-7f-1-3p,452,0.038668834
hsa-miR-941,452,0.038668834
hsa-miR-4699-5p,451,0.038583283
hsa-miR-151a-3p,450,0.038497733
hsa-miR-4296,449,0.038412182
hsa-miR-4265,449,0.038412182
hsa-miR-320e,448,0.038326632
hsa-miR-3977,448,0.038326632
hsa-miR-1912,448,0.038326632
hsa-miR-1295b-5p,448,0.038326632
hsa-miR-219a-2-3p,447,0.038241081
hsa-miR-4693-5p,447,0.038241081
hsa-miR-4645-3p,446,0.038155531
hsa-miR-3119,446,0.038155531
hsa-miR-3177-5p,446,0.038155531
hsa-miR-138-2-3p,446,0.038155531
hsa-miR-4539,445,0.03806998
hsa-miR-1197,445,0.03806998
hsa-miR-888-5p,444,0.03798443
hsa-miR-1915-5p,444,0.03798443
hsa-miR-3127-5p,444,0.03798443
hsa-miR-379-5p,444,0.03798443
hsa-miR-3064-3p,443,0.037898879
hsa-miR-4802-3p,443,0.037898879
hsa-miR-1265,443,0.037898879
hsa-miR-4641,443,0.037898879
hsa-miR-29b-2-5p,443,0.037898879
hsa-miR-125b-1-3p,442,0.037813329
hsa-miR-4496,441,0.037727778
hsa-miR-4700-3p,441,0.037727778
hsa-miR-4536-5p,441,0.037727778
hsa-miR-3188,441,0.037727778
hsa-miR-590-5p,441,0.037727778
hsa-miR-1256,440,0.037642228
hsa-miR-3529-5p,440,0.037642228
hsa-miR-6757-3p,439,0.037556677
hsa-miR-3116,438,0.037471127
hsa-miR-224-3p,438,0.037471127
hsa-miR-26a-2-3p,438,0.037471127
hsa-miR-942-3p,436,0.037300026
hsa-miR-6846-3p,436,0.037300026
hsa-miR-4457,436,0.037300026
hsa-miR-5004-3p,435,0.037214475
hsa-miR-4520-3p,435,0.037214475
hsa-miR-4461,434,0.037128925
hsa-miR-3158-5p,433,0.037043374
hsa-miR-28-3p,433,0.037043374
hsa-miR-4684-3p,433,0.037043374
hsa-miR-660-5p,433,0.037043374
hsa-miR-653-3p,432,0.036957824
hsa-miR-4433b-5p,432,0.036957824
hsa-miR-378b,432,0.036957824
hsa-miR-378f,432,0.036957824
hsa-miR-378e,432,0.036957824
hsa-miR-378h,432,0.036957824
hsa-miR-378d,432,0.036957824
hsa-miR-378i,432,0.036957824
hsa-miR-625-3p,432,0.036957824
hsa-miR-3617-5p,431,0.036872273
hsa-miR-4446-3p,430,0.036786723
hsa-miR-520f-3p,430,0.036786723
hsa-miR-651-5p,429,0.036701172
hsa-miR-4436a,428,0.036615622
hsa-miR-7845-5p,428,0.036615622
hsa-miR-566,428,0.036615622
hsa-miR-5000-3p,428,0.036615622
hsa-miR-4497,427,0.036530071
hsa-miR-138-1-3p,427,0.036530071
hsa-miR-6508-5p,427,0.036530071
hsa-miR-8067,427,0.036530071
hsa-miR-4436b-5p,427,0.036530071
hsa-miR-4769-5p,427,0.036530071
hsa-miR-1286,427,0.036530071
hsa-miR-4654,425,0.03635897
hsa-miR-539-3p,425,0.03635897
hsa-miR-615-5p,425,0.03635897
hsa-miR-3928-5p,425,0.03635897
hsa-miR-6806-3p,425,0.03635897
hsa-miR-659-3p,424,0.036273419
hsa-miR-4463,424,0.036273419
hsa-miR-320d,423,0.036187869
hsa-miR-1205,423,0.036187869
hsa-miR-5588-3p,423,0.036187869
hsa-miR-7153-5p,422,0.036102318
hsa-miR-3937,422,0.036102318
hsa-miR-4528,422,0.036102318
hsa-miR-4540,422,0.036102318
hsa-miR-6757-5p,422,0.036102318
hsa-miR-27a-5p,422,0.036102318
hsa-miR-3622b-3p,421,0.036016768
hsa-miR-4429,420,0.035931217
hsa-miR-4450,420,0.035931217
hsa-miR-6508-3p,419,0.035845667
hsa-miR-7154-5p,419,0.035845667
hsa-miR-6762-3p,418,0.035760116
hsa-miR-3591-3p,418,0.035760116
hsa-miR-7161-3p,418,0.035760116
hsa-miR-323a-5p,418,0.035760116
hsa-miR-3074-5p,418,0.035760116
hsa-miR-4732-3p,418,0.035760116
hsa-miR-181b-2-3p,418,0.035760116
hsa-miR-4274,418,0.035760116
hsa-miR-6861-5p,417,0.035674566
hsa-miR-718,417,0.035674566
hsa-miR-337-3p,417,0.035674566
hsa-miR-129-2-3p,417,0.035674566
hsa-miR-4259,416,0.035589015
hsa-miR-20b-3p,416,0.035589015
hsa-miR-6790-5p,416,0.035589015
hsa-miR-3145-5p,415,0.035503465
hsa-miR-494-5p,415,0.035503465
hsa-miR-1245b-3p,415,0.035503465
hsa-miR-487b-3p,414,0.035417914
hsa-miR-6722-5p,414,0.035417914
hsa-miR-6809-5p,414,0.035417914
hsa-miR-7849-3p,413,0.035332364
hsa-miR-6734-5p,413,0.035332364
hsa-miR-4489,413,0.035332364
hsa-miR-3200-5p,412,0.035246813
hsa-miR-4277,412,0.035246813
hsa-miR-26b-3p,411,0.035161263
hsa-miR-4261,411,0.035161263
hsa-miR-6786-3p,410,0.035075712
hsa-miR-3126-3p,409,0.034990162
hsa-miR-2116-5p,409,0.034990162
hsa-miR-4658,408,0.034904611
hsa-miR-589-5p,408,0.034904611
hsa-miR-6858-3p,408,0.034904611
hsa-miR-6810-3p,408,0.034904611
hsa-miR-890,407,0.034819061
hsa-miR-3162-5p,407,0.034819061
hsa-miR-6777-5p,407,0.034819061
hsa-miR-4448,407,0.034819061
hsa-miR-597-3p,406,0.03473351
hsa-miR-6801-3p,406,0.03473351
hsa-miR-7975,406,0.03473351
hsa-miR-491-3p,405,0.03464796
hsa-miR-8083,405,0.03464796
hsa-miR-145-3p,405,0.03464796
hsa-miR-489-3p,405,0.03464796
hsa-miR-6889-5p,404,0.034562409
hsa-miR-3688-5p,402,0.034391308
hsa-miR-6768-3p,402,0.034391308
hsa-miR-3960,401,0.034305758
hsa-miR-8072,401,0.034305758
hsa-miR-1285-5p,400,0.034220207
hsa-miR-4330,400,0.034220207
hsa-miR-3156-5p,400,0.034220207
hsa-miR-874-3p,399,0.034134657
hsa-miR-4493,398,0.034049106
hsa-miR-548ao-5p,398,0.034049106
hsa-miR-197-5p,398,0.034049106
hsa-miR-4417,398,0.034049106
hsa-miR-548ax,398,0.034049106
hsa-miR-4681,398,0.034049106
hsa-miR-6830-5p,397,0.033963555
hsa-miR-616-3p,397,0.033963555
hsa-miR-3132,397,0.033963555
hsa-miR-3155b,397,0.033963555
hsa-miR-3155a,397,0.033963555
hsa-miR-7843-3p,397,0.033963555
hsa-miR-5009-3p,396,0.033878005
hsa-miR-1908-3p,396,0.033878005
hsa-miR-4462,396,0.033878005
hsa-miR-585-3p,396,0.033878005
hsa-miR-5002-5p,394,0.033706904
hsa-miR-4432,394,0.033706904
hsa-miR-4474-5p,394,0.033706904
hsa-miR-4320,394,0.033706904
hsa-miR-134-3p,393,0.033621353
hsa-miR-3908,393,0.033621353
hsa-miR-4712-3p,393,0.033621353
hsa-miR-4733-3p,392,0.033535803
hsa-miR-2114-5p,391,0.033450252
hsa-miR-548ay-3p,391,0.033450252
hsa-miR-6820-5p,391,0.033450252
hsa-miR-548at-3p,391,0.033450252
hsa-miR-4490,390,0.033364702
hsa-miR-8076,390,0.033364702
hsa-miR-5006-5p,390,0.033364702
hsa-miR-3134,390,0.033364702
hsa-miR-4501,389,0.033279151
hsa-miR-3191-3p,389,0.033279151
hsa-miR-4678,389,0.033279151
hsa-miR-6770-3p,388,0.033193601
hsa-miR-676-3p,387,0.03310805
hsa-miR-6802-3p,387,0.03310805
hsa-miR-4774-5p,387,0.03310805
hsa-miR-24-1-5p,386,0.0330225
hsa-miR-1266-3p,386,0.0330225
hsa-miR-5683,384,0.032851399
hsa-miR-4713-3p,384,0.032851399
hsa-miR-4494,383,0.032765848
hsa-miR-597-5p,382,0.032680298
hsa-miR-4703-3p,382,0.032680298
hsa-miR-532-5p,381,0.032594747
hsa-miR-517-5p,381,0.032594747
hsa-miR-4773,379,0.032423646
hsa-miR-1251-3p,378,0.032338096
hsa-miR-6715b-3p,378,0.032338096
hsa-miR-6743-5p,377,0.032252545
hsa-miR-4688,377,0.032252545
hsa-miR-6762-5p,376,0.032166995
hsa-miR-4646-3p,376,0.032166995
hsa-miR-6845-5p,376,0.032166995
hsa-miR-4484,376,0.032166995
hsa-miR-3184-3p,375,0.032081444
hsa-miR-1208,375,0.032081444
hsa-miR-3976,375,0.032081444
hsa-miR-6806-5p,374,0.031995894
hsa-miR-6781-3p,374,0.031995894
hsa-miR-8075,374,0.031995894
hsa-miR-6730-3p,374,0.031995894
hsa-miR-2682-3p,374,0.031995894
hsa-miR-4704-3p,373,0.031910343
hsa-miR-4790-3p,373,0.031910343
hsa-miR-8081,373,0.031910343
hsa-miR-4744,373,0.031910343
hsa-miR-626,373,0.031910343
hsa-miR-3667-5p,372,0.031824793
hsa-miR-2355-3p,372,0.031824793
hsa-miR-24-2-5p,372,0.031824793
hsa-miR-3922-3p,371,0.031739242
hsa-miR-1288-5p,371,0.031739242
hsa-miR-378g,371,0.031739242
hsa-miR-6876-3p,371,0.031739242
hsa-miR-3682-3p,371,0.031739242
hsa-miR-4778-5p,370,0.031653692
hsa-miR-1178-5p,370,0.031653692
hsa-miR-4650-5p,370,0.031653692
hsa-miR-6882-5p,370,0.031653692
hsa-miR-4512,369,0.031568141
hsa-miR-4503,369,0.031568141
hsa-miR-892a,369,0.031568141
hsa-miR-4329,369,0.031568141
hsa-miR-1910-5p,369,0.031568141
hsa-miR-7153-3p,368,0.03148259
hsa-miR-5587-5p,367,0.03139704
hsa-miR-6080,367,0.03139704
hsa-miR-129-1-3p,367,0.03139704
hsa-miR-4725-5p,367,0.03139704
hsa-miR-4313,367,0.03139704
hsa-miR-548g-3p,367,0.03139704
hsa-miR-499b-5p,367,0.03139704
hsa-miR-3670,367,0.03139704
hsa-miR-181b-3p,366,0.031311489
hsa-miR-4420,366,0.031311489
hsa-miR-4767,366,0.031311489
hsa-miR-3145-3p,365,0.031225939
hsa-miR-3922-5p,364,0.031140388
hsa-miR-921,363,0.031054838
hsa-miR-499a-3p,362,0.030969287
hsa-miR-3943,362,0.030969287
hsa-miR-6782-3p,362,0.030969287
hsa-miR-4640-3p,362,0.030969287
hsa-miR-3940-5p,362,0.030969287
hsa-miR-609,361,0.030883737
hsa-miR-652-5p,360,0.030798186
hsa-miR-4721,360,0.030798186
hsa-miR-556-3p,360,0.030798186
hsa-miR-5685,359,0.030712636
hsa-miR-1278,359,0.030712636
hsa-miR-4690-3p,359,0.030712636
hsa-miR-7114-3p,358,0.030627085
hsa-miR-6859-3p,358,0.030627085
hsa-miR-6883-3p,358,0.030627085
hsa-miR-1180-5p,358,0.030627085
hsa-miR-3945,357,0.030541535
hsa-miR-875-5p,357,0.030541535
hsa-miR-1185-5p,357,0.030541535
hsa-miR-4639-5p,357,0.030541535
hsa-miR-526a,356,0.030455984
hsa-miR-3679-5p,356,0.030455984
hsa-miR-523-5p,356,0.030455984
hsa-miR-518e-5p,356,0.030455984
hsa-miR-522-5p,356,0.030455984
hsa-miR-519c-5p,356,0.030455984
hsa-miR-519a-5p,356,0.030455984
hsa-miR-520c-5p,356,0.030455984
hsa-miR-8070,356,0.030455984
hsa-miR-519b-5p,356,0.030455984
hsa-miR-518d-5p,356,0.030455984
hsa-miR-518f-5p,356,0.030455984
hsa-miR-3680-5p,356,0.030455984
hsa-miR-584-3p,356,0.030455984
hsa-miR-6774-5p,355,0.030370434
hsa-miR-5002-3p,355,0.030370434
hsa-miR-4772-5p,355,0.030370434
hsa-miR-379-3p,355,0.030370434
hsa-miR-6510-5p,355,0.030370434
hsa-miR-380-3p,355,0.030370434
hsa-miR-4491,354,0.030284883
hsa-miR-4657,354,0.030284883
hsa-miR-374a-3p,354,0.030284883
hsa-miR-548ag,354,0.030284883
hsa-miR-6779-3p,354,0.030284883
hsa-miR-4326,354,0.030284883
hsa-miR-4697-3p,354,0.030284883
hsa-miR-92b-5p,354,0.030284883
hsa-miR-501-3p,353,0.030199333
hsa-miR-758-5p,353,0.030199333
hsa-miR-570-5p,353,0.030199333
hsa-miR-4766-3p,352,0.030113782
hsa-miR-4717-3p,352,0.030113782
hsa-miR-409-5p,351,0.030028232
hsa-miR-6719-3p,351,0.030028232
hsa-miR-2277-3p,350,0.029942681
hsa-miR-4676-5p,350,0.029942681
hsa-miR-548ba,350,0.029942681
hsa-miR-4703-5p,350,0.029942681
hsa-miR-548ai,350,0.029942681
hsa-miR-591,350,0.029942681
hsa-miR-575,350,0.029942681
hsa-miR-4714-5p,350,0.029942681
hsa-miR-5587-3p,349,0.029857131
hsa-miR-5089-3p,349,0.029857131
hsa-miR-1288-3p,349,0.029857131
hsa-miR-6740-3p,349,0.029857131
hsa-miR-4677-3p,349,0.029857131
hsa-miR-618,348,0.02977158
hsa-miR-3942-5p,348,0.02977158
hsa-miR-5571-3p,347,0.02968603
hsa-miR-4774-3p,346,0.029600479
hsa-miR-502-3p,346,0.029600479
hsa-miR-6731-3p,346,0.029600479
hsa-miR-548ao-3p,346,0.029600479
hsa-miR-4776-5p,346,0.029600479
hsa-miR-6874-5p,346,0.029600479
hsa-miR-4802-5p,345,0.029514929
hsa-miR-663b,345,0.029514929
hsa-miR-4712-5p,344,0.029429378
hsa-miR-4521,344,0.029429378
hsa-miR-3648,344,0.029429378
hsa-miR-190a-5p,344,0.029429378
hsa-miR-5008-3p,344,0.029429378
hsa-miR-1273g-5p,343,0.029343828
hsa-miR-3975,343,0.029343828
hsa-miR-4746-3p,343,0.029343828
hsa-miR-4733-5p,343,0.029343828
hsa-miR-5700,342,0.029258277
hsa-miR-6737-3p,342,0.029258277
hsa-miR-5584-3p,342,0.029258277
hsa-miR-7157-3p,342,0.029258277
hsa-miR-548m,342,0.029258277
hsa-miR-4632-3p,342,0.029258277
hsa-miR-1273h-3p,341,0.029172726
hsa-miR-8056,341,0.029172726
hsa-miR-624-5p,341,0.029172726
hsa-miR-635,340,0.029087176
hsa-miR-3117-5p,340,0.029087176
hsa-miR-4781-5p,340,0.029087176
hsa-miR-576-3p,340,0.029087176
hsa-miR-4679,340,0.029087176
hsa-miR-6500-5p,339,0.029001625
hsa-miR-4633-3p,339,0.029001625
hsa-miR-219b-5p,339,0.029001625
hsa-miR-1-5p,337,0.028830524
hsa-miR-4526,336,0.028744974
hsa-miR-4662a-3p,336,0.028744974
hsa-miR-6772-3p,336,0.028744974
hsa-miR-3157-3p,336,0.028744974
hsa-miR-6804-3p,336,0.028744974
hsa-miR-1238-5p,335,0.028659423
hsa-miR-6892-5p,335,0.028659423
hsa-miR-3660,335,0.028659423
hsa-miR-6786-5p,334,0.028573873
hsa-miR-4711-5p,334,0.028573873
hsa-miR-548q,334,0.028573873
hsa-miR-4747-3p,334,0.028573873
hsa-miR-1199-3p,334,0.028573873
hsa-miR-4758-5p,333,0.028488322
hsa-miR-3140-5p,332,0.028402772
hsa-miR-3189-3p,331,0.028317221
hsa-miR-376c-5p,331,0.028317221
hsa-miR-6759-3p,331,0.028317221
hsa-miR-5682,331,0.028317221
hsa-miR-376b-5p,331,0.028317221
hsa-miR-6755-3p,330,0.028231671
hsa-miR-6748-3p,330,0.028231671
hsa-miR-5704,329,0.02814612
hsa-miR-1251-5p,329,0.02814612
hsa-miR-4687-5p,328,0.02806057
hsa-miR-4454,328,0.02806057
hsa-miR-3128,327,0.027975019
hsa-miR-3938,326,0.027889469
hsa-miR-550a-3p,326,0.027889469
hsa-miR-675-3p,325,0.027803918
hsa-miR-5579-5p,325,0.027803918
hsa-miR-4662b,325,0.027803918
hsa-miR-4426,325,0.027803918
hsa-miR-7852-3p,325,0.027803918
hsa-miR-4647,325,0.027803918
hsa-miR-3607-3p,324,0.027718368
hsa-miR-219a-1-3p,323,0.027632817
hsa-miR-200b-5p,323,0.027632817
hsa-miR-4690-5p,323,0.027632817
hsa-miR-323b-3p,323,0.027632817
hsa-miR-152-5p,323,0.027632817
hsa-miR-604,322,0.027547267
hsa-miR-3689f,322,0.027547267
hsa-miR-3689e,322,0.027547267
hsa-miR-4515,322,0.027547267
hsa-miR-3689b-5p,322,0.027547267
hsa-miR-4738-5p,322,0.027547267
hsa-miR-3689a-5p,322,0.027547267
hsa-miR-7155-3p,321,0.027461716
hsa-miR-1226-5p,320,0.027376166
hsa-miR-628-5p,320,0.027376166
hsa-miR-6502-5p,319,0.027290615
hsa-miR-4502,319,0.027290615
hsa-miR-4763-5p,319,0.027290615
hsa-miR-1301-5p,319,0.027290615
hsa-miR-4278,319,0.027290615
hsa-miR-4499,318,0.027205065
hsa-miR-4509,317,0.027119514
hsa-miR-3681-5p,317,0.027119514
hsa-miR-1249-3p,317,0.027119514
hsa-miR-6849-5p,317,0.027119514
hsa-miR-1231,316,0.027033964
hsa-miR-15b-3p,316,0.027033964
hsa-miR-1273a,315,0.026948413
hsa-miR-518b,315,0.026948413
hsa-miR-6821-5p,315,0.026948413
hsa-miR-4666a-5p,314,0.026862863
hsa-miR-7705,312,0.026691761
hsa-miR-3166,311,0.026606211
hsa-miR-6735-3p,310,0.02652066
hsa-miR-1229-5p,310,0.02652066
hsa-miR-8065,309,0.02643511
hsa-miR-6850-3p,308,0.026349559
hsa-miR-4507,308,0.026349559
hsa-miR-3656,307,0.026264009
hsa-miR-4506,306,0.026178458
hsa-miR-4999-3p,305,0.026092908
hsa-miR-6853-3p,305,0.026092908
hsa-miR-371a-3p,305,0.026092908
hsa-miR-520g-5p,304,0.026007357
hsa-miR-6502-3p,304,0.026007357
hsa-miR-4734,303,0.025921807
hsa-miR-4707-3p,303,0.025921807
hsa-miR-2053,303,0.025921807
hsa-miR-4474-3p,302,0.025836256
hsa-miR-3613-5p,302,0.025836256
hsa-miR-497-3p,301,0.025750706
hsa-miR-96-3p,300,0.025665155
hsa-miR-4663,300,0.025665155
hsa-miR-4704-5p,299,0.025579605
hsa-miR-6886-3p,299,0.025579605
hsa-miR-938,299,0.025579605
hsa-miR-5689,298,0.025494054
hsa-miR-193a-5p,298,0.025494054
hsa-miR-1261,298,0.025494054
hsa-miR-5580-5p,297,0.025408504
hsa-miR-4760-5p,297,0.025408504
hsa-miR-135b-3p,297,0.025408504
hsa-miR-8061,297,0.025408504
hsa-miR-4475,297,0.025408504
hsa-miR-3178,296,0.025322953
hsa-miR-3663-3p,296,0.025322953
hsa-miR-374c-3p,296,0.025322953
hsa-miR-6894-3p,296,0.025322953
hsa-miR-181c-3p,295,0.025237403
hsa-miR-4761-5p,295,0.025237403
hsa-miR-6503-3p,295,0.025237403
hsa-miR-6784-5p,294,0.025151852
hsa-miR-3619-3p,294,0.025151852
hsa-miR-7108-3p,294,0.025151852
hsa-miR-584-5p,293,0.025066302
hsa-miR-6744-5p,293,0.025066302
hsa-miR-299-5p,292,0.024980751
hsa-miR-1247-5p,292,0.024980751
hsa-miR-631,291,0.024895201
hsa-miR-345-3p,291,0.024895201
hsa-miR-6881-5p,291,0.024895201
hsa-miR-582-3p,290,0.02480965
hsa-miR-1273d,290,0.02480965
hsa-miR-147b,290,0.02480965
hsa-miR-4327,290,0.02480965
hsa-miR-518f-3p,289,0.0247241
hsa-miR-619-3p,287,0.024552999
hsa-miR-4319,287,0.024552999
hsa-miR-1258,286,0.024467448
hsa-miR-6841-5p,285,0.024381898
hsa-miR-6869-3p,285,0.024381898
hsa-miR-572,285,0.024381898
hsa-miR-513b-3p,285,0.024381898
hsa-miR-6750-5p,284,0.024296347
hsa-miR-6822-5p,284,0.024296347
hsa-miR-99a-3p,284,0.024296347
hsa-miR-6776-3p,284,0.024296347
hsa-miR-5588-5p,283,0.024210796
hsa-miR-4720-5p,283,0.024210796
hsa-miR-4799-3p,283,0.024210796
hsa-miR-758-3p,282,0.024125246
hsa-miR-887-3p,282,0.024125246
hsa-miR-3167,281,0.024039695
hsa-miR-1207-3p,281,0.024039695
hsa-miR-6823-3p,280,0.023954145
hsa-miR-4694-5p,279,0.023868594
hsa-miR-3195,279,0.023868594
hsa-miR-2114-3p,279,0.023868594
hsa-miR-876-5p,279,0.023868594
hsa-miR-3677-5p,278,0.023783044
hsa-miR-3691-5p,278,0.023783044
hsa-miR-6800-3p,278,0.023783044
hsa-miR-508-3p,278,0.023783044
hsa-miR-4471,277,0.023697493
hsa-miR-8059,277,0.023697493
hsa-miR-125b-2-3p,277,0.023697493
hsa-miR-3934-3p,277,0.023697493
hsa-miR-5088-5p,277,0.023697493
hsa-miR-4482-5p,276,0.023611943
hsa-miR-3130-5p,276,0.023611943
hsa-miR-3661,276,0.023611943
hsa-miR-4724-3p,275,0.023526392
hsa-miR-1202,275,0.023526392
hsa-miR-600,275,0.023526392
hsa-miR-34c-3p,274,0.023440842
hsa-miR-6813-3p,274,0.023440842
hsa-miR-7704,274,0.023440842
hsa-miR-6823-5p,274,0.023440842
hsa-miR-4787-5p,274,0.023440842
hsa-miR-509-3p,273,0.023355291
hsa-miR-3927-5p,273,0.023355291
hsa-miR-4749-3p,273,0.023355291
hsa-miR-424-3p,272,0.023269741
hsa-miR-3682-5p,272,0.023269741
hsa-miR-6816-3p,272,0.023269741
hsa-miR-411-3p,272,0.023269741
hsa-miR-933,271,0.02318419
hsa-miR-4652-5p,271,0.02318419
hsa-miR-4538,270,0.02309864
hsa-miR-4508,270,0.02309864
hsa-miR-6808-3p,270,0.02309864
hsa-miR-4453,270,0.02309864
hsa-miR-380-5p,269,0.023013089
hsa-miR-4783-5p,269,0.023013089
hsa-miR-3972,269,0.023013089
hsa-miR-1236-5p,269,0.023013089
hsa-miR-148b-5p,268,0.022927539
hsa-miR-5195-5p,268,0.022927539
hsa-miR-3912-5p,268,0.022927539
hsa-miR-4728-3p,268,0.022927539
hsa-miR-6749-5p,267,0.022841988
hsa-miR-7112-5p,267,0.022841988
hsa-miR-563,267,0.022841988
hsa-miR-4750-3p,266,0.022756438
hsa-miR-668-3p,266,0.022756438
hsa-miR-5191,266,0.022756438
hsa-miR-146b-3p,266,0.022756438
hsa-miR-499a-5p,265,0.022670887
hsa-miR-127-3p,265,0.022670887
hsa-miR-8069,263,0.022499786
hsa-miR-196b-3p,263,0.022499786
hsa-miR-1826,263,0.022499786
hsa-miR-3687,263,0.022499786
hsa-miR-3686,263,0.022499786
hsa-miR-645,262,0.022414236
hsa-miR-708-3p,262,0.022414236
hsa-miR-3164,261,0.022328685
hsa-miR-6820-3p,261,0.022328685
hsa-miR-1295a,261,0.022328685
hsa-miR-1244,260,0.022243135
hsa-miR-3169,260,0.022243135
hsa-miR-6772-5p,260,0.022243135
hsa-miR-6828-3p,258,0.022072034
hsa-miR-3197,258,0.022072034
hsa-miR-3668,258,0.022072034
hsa-miR-4256,257,0.021986483
hsa-miR-362-5p,257,0.021986483
hsa-miR-4650-3p,257,0.021986483
hsa-miR-649,257,0.021986483
hsa-miR-767-3p,256,0.021900933
hsa-miR-3657,256,0.021900933
hsa-miR-6797-3p,255,0.021815382
hsa-miR-4687-3p,255,0.021815382
hsa-miR-656-5p,255,0.021815382
hsa-miR-6076,255,0.021815382
hsa-miR-6856-3p,254,0.021729831
hsa-miR-4798-3p,253,0.021644281
hsa-miR-7973,253,0.021644281
hsa-miR-7846-3p,252,0.02155873
hsa-miR-629-5p,251,0.02147318
hsa-miR-4529-5p,251,0.02147318
hsa-miR-6510-3p,251,0.02147318
hsa-miR-4466,251,0.02147318
hsa-miR-4751,250,0.021387629
hsa-miR-6839-5p,249,0.021302079
hsa-miR-601,249,0.021302079
hsa-miR-4745-3p,249,0.021302079
hsa-miR-378j,249,0.021302079
hsa-miR-1538,249,0.021302079
hsa-miR-133a-5p,248,0.021216528
hsa-miR-452-3p,248,0.021216528
hsa-miR-7976,248,0.021216528
hsa-miR-4785,248,0.021216528
hsa-miR-3135a,248,0.021216528
hsa-miR-4669,248,0.021216528
hsa-miR-1290,248,0.021216528
hsa-miR-2117,247,0.021130978
hsa-miR-1263,247,0.021130978
hsa-miR-1291,247,0.021130978
hsa-miR-632,246,0.021045427
hsa-miR-6861-3p,246,0.021045427
hsa-miR-525-3p,246,0.021045427
hsa-miR-1255b-2-3p,246,0.021045427
hsa-miR-6874-3p,245,0.020959877
hsa-miR-606,245,0.020959877
hsa-miR-518a-3p,244,0.020874326
hsa-miR-6798-3p,243,0.020788776
hsa-miR-7158-5p,243,0.020788776
hsa-miR-499b-3p,243,0.020788776
hsa-miR-208a-3p,242,0.020703225
hsa-miR-524-3p,242,0.020703225
hsa-miR-3649,242,0.020703225
hsa-miR-6125,242,0.020703225
hsa-miR-6743-3p,241,0.020617675
hsa-miR-2277-5p,241,0.020617675
hsa-miR-5091,241,0.020617675
hsa-miR-3136-3p,240,0.020532124
hsa-miR-5583-5p,240,0.020532124
hsa-miR-8074,240,0.020532124
hsa-miR-4433a-5p,240,0.020532124
hsa-miR-3129-3p,240,0.020532124
hsa-miR-5011-3p,240,0.020532124
hsa-miR-182-3p,240,0.020532124
hsa-miR-3074-3p,239,0.020446574
hsa-miR-208b-3p,239,0.020446574
hsa-miR-8053,238,0.020361023
hsa-miR-5739,238,0.020361023
hsa-miR-4299,238,0.020361023
hsa-miR-3935,237,0.020275473
hsa-miR-95-3p,237,0.020275473
hsa-miR-4473,237,0.020275473
hsa-miR-6839-3p,237,0.020275473
hsa-miR-1292-5p,234,0.020018821
hsa-miR-6822-3p,232,0.01984772
hsa-miR-6499-5p,232,0.01984772
hsa-miR-1298-3p,232,0.01984772
hsa-miR-627-5p,231,0.01976217
hsa-miR-3139,231,0.01976217
hsa-miR-500b-5p,231,0.01976217
hsa-miR-3144-5p,230,0.019676619
hsa-miR-5585-5p,230,0.019676619
hsa-miR-937-3p,229,0.019591069
hsa-miR-187-3p,228,0.019505518
hsa-miR-6877-5p,228,0.019505518
hsa-miR-6807-3p,227,0.019419967
hsa-miR-4445-3p,225,0.019248866
hsa-miR-1228-5p,225,0.019248866
hsa-miR-6840-5p,225,0.019248866
hsa-miR-4761-3p,225,0.019248866
hsa-miR-6815-5p,224,0.019163316
hsa-miR-6865-5p,224,0.019163316
hsa-miR-7108-5p,224,0.019163316
hsa-miR-3137,223,0.019077765
hsa-miR-4637,222,0.018992215
hsa-miR-3200-3p,222,0.018992215
hsa-miR-5684,222,0.018992215
hsa-miR-4707-5p,221,0.018906664
hsa-miR-3974,221,0.018906664
hsa-miR-4275,221,0.018906664
hsa-miR-7160-3p,220,0.018821114
hsa-miR-4288,219,0.018735563
hsa-miR-4445-5p,218,0.018650013
hsa-miR-4757-3p,217,0.018564462
hsa-miR-6841-3p,216,0.018478912
hsa-miR-4771,216,0.018478912
hsa-miR-554,215,0.018393361
hsa-miR-6775-3p,214,0.018307811
hsa-miR-1181,214,0.018307811
hsa-miR-6773-5p,213,0.01822226
hsa-miR-6724-5p,213,0.01822226
hsa-miR-487a-3p,213,0.01822226
hsa-miR-6789-5p,213,0.01822226
hsa-miR-6831-3p,213,0.01822226
hsa-miR-5094,212,0.01813671
hsa-miR-1243,210,0.017965609
hsa-miR-4715-5p,210,0.017965609
hsa-miR-4671-5p,209,0.017880058
hsa-miR-518d-3p,208,0.017794508
hsa-miR-218-2-3p,206,0.017623407
hsa-miR-6800-5p,206,0.017623407
hsa-miR-3186-5p,206,0.017623407
hsa-miR-1537-5p,205,0.017537856
hsa-miR-3617-3p,204,0.017452306
hsa-miR-4317,204,0.017452306
hsa-miR-598-3p,203,0.017366755
hsa-miR-6071,200,0.017110104
hsa-miR-596,200,0.017110104
hsa-miR-3182,198,0.016939002
hsa-miR-542-5p,197,0.016853452
hsa-miR-6717-5p,197,0.016853452
hsa-miR-521,196,0.016767901
hsa-miR-381-5p,195,0.016682351
hsa-miR-4804-5p,194,0.0165968
hsa-miR-4535,193,0.01651125
hsa-miR-4529-3p,192,0.016425699
hsa-miR-6872-5p,192,0.016425699
hsa-miR-6788-3p,192,0.016425699
hsa-miR-376a-2-5p,192,0.016425699
hsa-miR-3618,192,0.016425699
hsa-miR-6814-3p,191,0.016340149
hsa-miR-4754,190,0.016254598
hsa-miR-339-3p,190,0.016254598
hsa-miR-3186-3p,189,0.016169048
hsa-miR-6769a-3p,189,0.016169048
hsa-miR-103b,187,0.015997947
hsa-miR-4777-3p,187,0.015997947
hsa-miR-6075,187,0.015997947
hsa-miR-3192-3p,186,0.015912396
hsa-miR-4665-3p,185,0.015826846
hsa-miR-1203,185,0.015826846
hsa-miR-3675-5p,184,0.015741295
hsa-miR-6078,184,0.015741295
hsa-miR-617,183,0.015655745
hsa-miR-210-5p,183,0.015655745
hsa-miR-4304,183,0.015655745
hsa-miR-3150b-5p,181,0.015484644
hsa-miR-5579-3p,181,0.015484644
hsa-miR-6775-5p,181,0.015484644
hsa-miR-3150a-5p,181,0.015484644
hsa-miR-5090,180,0.015399093
hsa-miR-6815-3p,179,0.015313543
hsa-miR-4746-5p,177,0.015142442
hsa-miR-1287-3p,176,0.015056891
hsa-miR-218-1-3p,176,0.015056891
hsa-miR-3194-5p,176,0.015056891
hsa-miR-621,176,0.015056891
hsa-miR-3912-3p,174,0.01488579
hsa-miR-3142,173,0.01480024
hsa-miR-6799-3p,173,0.01480024
hsa-miR-3173-5p,173,0.01480024
hsa-miR-1245b-5p,173,0.01480024
hsa-miR-4727-3p,173,0.01480024
hsa-miR-151b,172,0.014714689
hsa-miR-345-5p,172,0.014714689
hsa-miR-549a,169,0.014458037
hsa-miR-6720-3p,169,0.014458037
hsa-miR-6761-3p,168,0.014372487
hsa-miR-410-5p,168,0.014372487
hsa-miR-550b-3p,167,0.014286936
hsa-miR-4456,166,0.014201386
hsa-miR-7702,165,0.014115835
hsa-miR-4315,165,0.014115835
hsa-miR-450a-5p,164,0.014030285
hsa-miR-4527,164,0.014030285
hsa-miR-6503-5p,164,0.014030285
hsa-miR-4305,164,0.014030285
hsa-miR-6069,163,0.013944734
hsa-miR-7152-3p,162,0.013859184
hsa-miR-4633-5p,160,0.013688083
hsa-miR-581,160,0.013688083
hsa-miR-6763-3p,159,0.013602532
hsa-miR-602,158,0.013516982
hsa-miR-3621,158,0.013516982
hsa-miR-659-5p,158,0.013516982
hsa-miR-4790-5p,158,0.013516982
hsa-miR-7978,157,0.013431431
hsa-miR-3615,157,0.013431431
hsa-miR-3913-3p,156,0.013345881
hsa-miR-8086,155,0.01326033
hsa-miR-18b-3p,155,0.01326033
hsa-miR-1471,155,0.01326033
hsa-miR-154-3p,154,0.01317478
hsa-miR-128b,154,0.01317478
hsa-miR-6880-3p,153,0.013089229
hsa-miR-6802-5p,152,0.013003679
hsa-miR-3907,152,0.013003679
hsa-miR-4520-2-3p,151,0.012918128
hsa-miR-8058,150,0.012832578
hsa-miR-5009-5p,150,0.012832578
hsa-miR-6824-5p,149,0.012747027
hsa-miR-4281,149,0.012747027
hsa-miR-4999-5p,149,0.012747027
hsa-miR-4798-5p,148,0.012661477
hsa-miR-664b-5p,148,0.012661477
hsa-miR-6070,148,0.012661477
hsa-miR-643,148,0.012661477
hsa-miR-181d-3p,146,0.012490376
hsa-miR-2681-3p,146,0.012490376
hsa-miR-6746-3p,146,0.012490376
hsa-miR-1225-5p,144,0.012319275
hsa-miR-4718,143,0.012233724
hsa-miR-6803-3p,141,0.012062623
hsa-miR-4460,141,0.012062623
hsa-miR-614,140,0.011977072
hsa-miR-3940-3p,140,0.011977072
hsa-miR-29c-5p,139,0.011891522
hsa-miR-135a-3p,139,0.011891522
hsa-let-7i-3p,138,0.011805971
hsa-miR-4655-3p,134,0.011463769
hsa-miR-3171,134,0.011463769
hsa-miR-3655,134,0.011463769
hsa-miR-6716-3p,133,0.011378219
hsa-miR-662,133,0.011378219
hsa-miR-3151-3p,133,0.011378219
hsa-miR-6854-3p,133,0.011378219
hsa-miR-5708,132,0.011292668
hsa-miR-5092,131,0.011207118
hsa-miR-891a-5p,127,0.010864916
hsa-miR-487b-5p,127,0.010864916
hsa-miR-4661-3p,126,0.010779365
hsa-miR-8078,126,0.010779365
hsa-miR-4258,125,0.010693815
hsa-miR-4634,124,0.010608264
hsa-miR-4740-5p,124,0.010608264
hsa-miR-191-3p,123,0.010522714
hsa-miR-3939,122,0.010437163
hsa-miR-8088,121,0.010351613
hsa-miR-3117-3p,119,0.010180512
hsa-miR-4777-5p,116,0.00992386
hsa-miR-4759,116,0.00992386
hsa-miR-3115,113,0.009667208
hsa-miR-1282,112,0.009581658
hsa-miR-548ad-3p,111,0.009496107
hsa-miR-6834-3p,110,0.009410557
hsa-miR-720,110,0.009410557
hsa-miR-6753-3p,110,0.009410557
hsa-miR-7107-3p,110,0.009410557
hsa-miR-4655-5p,108,0.009239456
hsa-miR-6505-3p,104,0.008897254
hsa-miR-4787-3p,103,0.008811703
hsa-miR-6785-3p,101,0.008640602
hsa-miR-3684,101,0.008640602
hsa-miR-3651,101,0.008640602
hsa-miR-5687,100,0.008555052
hsa-miR-4783-3p,100,0.008555052
hsa-miR-548al,100,0.008555052
hsa-miR-4442,99,0.008469501
hsa-miR-1269b,99,0.008469501
hsa-miR-1269a,99,0.008469501
hsa-miR-6082,98,0.008383951
hsa-miR-2909,96,0.00821285
hsa-miR-323b-5p,96,0.00821285
hsa-miR-4800-3p,96,0.00821285
hsa-miR-598-5p,95,0.008127299
hsa-miR-1909-5p,95,0.008127299
hsa-miR-639,94,0.008041749
hsa-miR-4788,94,0.008041749
hsa-miR-369-5p,93,0.007956198
hsa-miR-1468-5p,92,0.007870648
hsa-miR-4444,92,0.007870648
hsa-miR-6727-5p,91,0.007785097
hsa-miR-3920,91,0.007785097
hsa-miR-449c-3p,90,0.007699547
hsa-miR-3654,90,0.007699547
hsa-miR-668-5p,90,0.007699547
hsa-miR-3677-3p,87,0.007442895
hsa-miR-1277-3p,84,0.007186243
hsa-miR-6084,81,0.006929592
hsa-miR-4664-3p,81,0.006929592
hsa-miR-3923,80,0.006844041
hsa-miR-6718-5p,80,0.006844041
hsa-miR-203b-5p,80,0.006844041
hsa-miR-516a-5p,80,0.006844041
hsa-miR-7706,79,0.006758491
hsa-miR-7848-3p,78,0.00667294
hsa-miR-3146,77,0.00658739
hsa-miR-4764-3p,76,0.006501839
hsa-miR-553,75,0.006416289
hsa-miR-4520-5p,74,0.006330738
hsa-miR-3917,74,0.006330738
hsa-miR-6750-3p,72,0.006159637
hsa-miR-6726-3p,71,0.006074087
hsa-miR-4523,69,0.005902986
hsa-miR-934,68,0.005817435
hsa-miR-3676-3p,67,0.005731885
hsa-miR-4796-5p,67,0.005731885
hsa-miR-6863,64,0.005475233
hsa-miR-3605-3p,64,0.005475233
hsa-miR-886-3p,60,0.005133031
hsa-miR-487a-5p,59,0.005047481
hsa-miR-6767-3p,57,0.00487638
hsa-miR-132-5p,57,0.00487638
hsa-miR-1273c,56,0.004790829
hsa-miR-6851-3p,55,0.004705278
hsa-miR-4737,54,0.004619728
hsa-miR-4285,54,0.004619728
hsa-miR-4449,53,0.004534177
hsa-miR-585-5p,53,0.004534177
hsa-miR-4730,52,0.004448627
hsa-miR-6723-5p,52,0.004448627
hsa-miR-431-3p,51,0.004363076
hsa-miR-3158-3p,51,0.004363076
hsa-miR-1204,49,0.004191975
hsa-miR-4431,49,0.004191975
hsa-miR-1539,49,0.004191975
hsa-miR-523-3p,48,0.004106425
hsa-miR-181a-3p,42,0.003593122
hsa-miR-4479,38,0.00325092
hsa-miR-4321,38,0.00325092
hsa-miR-3193,37,0.003165369
hsa-miR-1306-3p,37,0.003165369
hsa-miR-3177-3p,34,0.002908718
hsa-miR-1537-3p,31,0.002652066
hsa-miR-3683,31,0.002652066
hsa-miR-3678-5p,29,0.002480965
hsa-miR-517c-3p,29,0.002480965
hsa-miR-551a,29,0.002480965
hsa-miR-5707,26,0.002224313
hsa-miR-4670-5p,25,0.002138763
hsa-miR-3124-5p,24,0.002053212
hsa-miR-3168,23,0.001967662
hsa-miR-6886-5p,23,0.001967662
hsa-miR-1250-5p,23,0.001967662
hsa-miR-6774-3p,23,0.001967662
hsa-miR-551b-3p,21,0.001796561
hsa-miR-3181,18,0.001539909
hsa-miR-4440,18,0.001539909
hsa-miR-4636,17,0.001454359
hsa-miR-611,17,0.001454359
hsa-miR-3131,17,0.001454359
hsa-miR-6825-3p,16,0.001368808
hsa-miR-5705,15,0.001283258
hsa-miR-3610,15,0.001283258
hsa-miR-3713,14,0.001197707
hsa-miR-6068,14,0.001197707
hsa-miR-4661-5p,14,0.001197707
hsa-miR-4536-3p,14,0.001197707
hsa-miR-1274a,13,0.001112157
hsa-miR-518e-3p,13,0.001112157
hsa-miR-517a-3p,11,0.000941056
hsa-miR-768-5p,10,0.000855505
hsa-let-7d-3p,10,0.000855505
hsa-miR-1469,7,0.000598854
hsa-miR-671-3p,7,0.000598854
hsa-miR-1274b,5,0.000427753
hsa-miR-337-5p,5,0.000427753
hsa-let-7e-3p,4,0.000342202
hsa-miR-6767-5p,4,0.000342202
hsa-miR-5188,4,0.000342202
hsa-miR-105-3p,3,0.000256652
hsa-miR-3944-3p,2,0.000171101
hsa-miR-517b-3p,2,0.000171101
hsa-miR-489-5p,2,0.000171101
hsa-miR-4485-3p,2,0.000171101
hsa-miR-412-5p,2,0.000171101
hsa-miR-1973,1,8.55505E-05
hsa-miR-4750-5p,1,8.55505E-05
hsa-miR-768-3p,1,8.55505E-05
hsa-miR-6850-5p,1,8.55505E-05
hsa-miR-579-5p,1,8.55505E-05
,,
,,
,,
,,
